"Authors","Author full names","Author(s) ID","Title","Year","Source title","Volume","Issue","Art. No.","Page start","Page end","Page count","Cited by","DOI","Link","Document Type","Publication Stage","Open Access","Source","EID"
"Freire M.A.M.; Franca J.G.; Picanço-Diniz C.W.; Pereira Jr. A.","Freire, Marco Aurélio M. (57193482124); Franca, João G. (7005735149); Picanço-Diniz, Cristovam W. (6701676103); Pereira Jr., Antônio (56962776600)","57193482124; 7005735149; 6701676103; 56962776600","Neuropil reactivity, distribution and morphology of NADPH diaphorase type I neurons in the barrel cortex of the adult mouse","2005","Journal of Chemical Neuroanatomy","30","2-3","","71","81","10","28","10.1016/j.jchemneu.2005.04.006","https://www.scopus.com/inward/record.uri?eid=2-s2.0-25144514530&doi=10.1016%2fj.jchemneu.2005.04.006&partnerID=40&md5=ce70e80cf2b747d19e595590826863aa","Article","Final","","Scopus","2-s2.0-25144514530"
"Vargas C.D.; Sousa A.O.; Bittencourt F.L.R.; Santos C.M.; Pereira Jr. A.; Bernardes R.F.; Rocha-Miranda C.E.; Volchan E.","Vargas, C.D. (7101622666); Sousa, A.O. (55574122531); Bittencourt, F.L.R. (8786971000); Santos, C.M. (57196594489); Pereira Jr., A. (56962776600); Bernardes, R.F. (7004634384); Rocha-Miranda, C.E. (6701715687); Volchan, E. (6701857606)","7101622666; 55574122531; 8786971000; 57196594489; 56962776600; 7004634384; 6701715687; 6701857606","Cytochrome oxidase and NADPH-diaphorase on the afferent relay branch of the optokinetic reflex in the opossum","1998","Journal of Comparative Neurology","398","2","","206","224","18","10","10.1002/(SICI)1096-9861(19980824)398:2<206::AID-CNE4>3.0.CO;2-4","https://www.scopus.com/inward/record.uri?eid=2-s2.0-0032563740&doi=10.1002%2f%28SICI%291096-9861%2819980824%29398%3a2%3c206%3a%3aAID-CNE4%3e3.0.CO%3b2-4&partnerID=40&md5=10018b84b7b69318fb18f2eb3448e9ff","Article","Final","","Scopus","2-s2.0-0032563740"
"Freire M.A.M.; Rocha E.G.; Oliveira J.L.F.; Guimarães J.S.; Silveira L.C.L.; Elston G.N.; Pereira A.; Picanço-Diniz C.W.","Freire, Marco Aurélio M. (57193482124); Rocha, Emiliana G. (15623652100); Oliveira, Jorge Luiz F. (36096914000); Guimarães, Joanilson S. (8103722600); Silveira, Luiz Carlos L. (35577484500); Elston, Guy N. (7004202444); Pereira, Antonio (56962776600); Picanço-Diniz, Cristovam W. (6701676103)","57193482124; 15623652100; 36096914000; 8103722600; 35577484500; 7004202444; 56962776600; 6701676103","Morphological variability of NADPH diaphorase neurons across areas V1, V2, and V3 of the common agouti","2010","Brain Research","1318","","","52","63","11","11","10.1016/j.brainres.2009.12.045","https://www.scopus.com/inward/record.uri?eid=2-s2.0-76449107362&doi=10.1016%2fj.brainres.2009.12.045&partnerID=40&md5=f9f5ec8f3c7e442c8a93f0f7834ea52d","Article","Final","","Scopus","2-s2.0-76449107362"
"Freire M.A.M.; Oliveira R.B.; Picanço-Diniz C.W.; Pereira Jr. A.","Freire, Marco Aurélio M. (57193482124); Oliveira, Ricardo B. (56643914600); Picanço-Diniz, Cristovam W. (6701676103); Pereira Jr., Antônio (56962776600)","57193482124; 56643914600; 6701676103; 56962776600","Differential effects of methylmercury intoxication in the rat's barrel field as evidenced by NADPH diaphorase histochemistry","2007","NeuroToxicology","28","1","","175","181","6","26","10.1016/j.neuro.2006.06.007","https://www.scopus.com/inward/record.uri?eid=2-s2.0-33846585409&doi=10.1016%2fj.neuro.2006.06.007&partnerID=40&md5=3038a96ed45bbd13393ac0a1bbd0a293","Article","Final","","Scopus","2-s2.0-33846585409"
"Machado-Pinheiro W.; Gawryszewski L.G.; Pereira Jr. A.","Machado-Pinheiro, Walter (6602973856); Gawryszewski, Luiz G. (6602639311); Pereira Jr., Antônio (56962776600)","6602973856; 6602639311; 56962776600","Manual responses to visual stimuli: Early and late facilitatory effects due to the offset of a peripheral cue","2003","Arquivos Brasileiros de Oftalmologia","66","5 SUPPL.","","105","113","8","3","10.1590/S0004-27492003000600013","https://www.scopus.com/inward/record.uri?eid=2-s2.0-4444376526&doi=10.1590%2fS0004-27492003000600013&partnerID=40&md5=030259cf56d9c3b6475fb40a71b5e162","Article","Final","All Open Access; Gold Open Access; Green Open Access","Scopus","2-s2.0-4444376526"
"Franco E.C.S.; Cardoso M.M.; Gouvêia A.; Pereira A.; Gomes-Leal W.","Franco, Edna C.S. (7103162358); Cardoso, Marcelo M. (55188665600); Gouvêia, Amauri (8238330700); Pereira, Antonio (56962776600); Gomes-Leal, Walace (8760628300)","7103162358; 55188665600; 8238330700; 56962776600; 8760628300","Modulation of microglial activation enhances neuroprotection and functional recovery derived from bone marrow mononuclear cell transplantation after cortical ischemia","2012","Neuroscience Research","73","2","","122","132","10","61","10.1016/j.neures.2012.03.006","https://www.scopus.com/inward/record.uri?eid=2-s2.0-84860335451&doi=10.1016%2fj.neures.2012.03.006&partnerID=40&md5=e7faccddd032a93e664b01b574d1d88b","Article","Final","All Open Access; Green Open Access","Scopus","2-s2.0-84860335451"
"de França Campos F.R.; Pereira Júnior A.P.; Campos T.F.","de França Campos, Fabíola Rodrigues (56468046700); Pereira Júnior, Antônio (56962776600); Campos, Tania Fernandes (8595956200)","56468046700; 56962776600; 8595956200","Effects of motor tasks through photos and videos in patients after stroke","2014","Psicologia: Reflexao e Critica","27","4","","740","747","7","0","10.1590/1678-7153.201427414","https://www.scopus.com/inward/record.uri?eid=2-s2.0-84920288714&doi=10.1590%2f1678-7153.201427414&partnerID=40&md5=63307f962be426c2c696608f243eaa81","Article","Final","All Open Access; Gold Open Access; Green Open Access","Scopus","2-s2.0-84920288714"
"Guimarães-Santos A.; Santos D.S.; Santos I.R.; Lima R.R.; Pereira A.; De Moura L.S.; Carvalho R.N., Jr.; Lameira O.; Gomes-Leal W.","Guimarães-Santos, Adriano (55091064600); Santos, Diego Siqueira (58359567900); Santos, Ijair Rogério (57198312898); Lima, Rafael Rodrigues (23493064500); Pereira, Antonio (56962776600); De Moura, Lucinewton Silva (55088307200); Carvalho, Raul Nunes (56516936700); Lameira, Osmar (8696425500); Gomes-Leal, Walace (8760628300)","55091064600; 58359567900; 57198312898; 23493064500; 56962776600; 55088307200; 56516936700; 8696425500; 8760628300","Copaiba oil-resin treatment is neuroprotective and reduces neutrophil recruitment and microglia activation after motor cortex excitotoxic injury","2012","Evidence-based Complementary and Alternative Medicine","2012","","918174","","","","48","10.1155/2012/918174","https://www.scopus.com/inward/record.uri?eid=2-s2.0-84858272562&doi=10.1155%2f2012%2f918174&partnerID=40&md5=09e63f622b30643cac7f11e76fd2af32","Article","Final","All Open Access; Green Open Access; Hybrid Gold Open Access","Scopus","2-s2.0-84858272562"
"Eichler S.E.; Hopperton A.P.; Alava J.J.; Pereira A., Jr.; Ahmed R.; Kozlakidis Z.; Ilic S.; Rodriguez-Palacios A.","Eichler, Sarah E. (57219014472); Hopperton, Austin P. (57219016132); Alava, Juan José (12139754400); Pereira, Antonio (56962776600); Ahmed, Rukhsana (13607994200); Kozlakidis, Zisis (14632176900); Ilic, Sanja (25922182400); Rodriguez-Palacios, Alexander (12242297400)","57219014472; 57219016132; 12139754400; 56962776600; 13607994200; 14632176900; 25922182400; 12242297400","A Citizen Science Facemask Experiment and Educational Modules to Improve Coronavirus Safety in Communities and Schools","2020","Frontiers in Medicine","7","","486","","","","8","10.3389/fmed.2020.00486","https://www.scopus.com/inward/record.uri?eid=2-s2.0-85090496425&doi=10.3389%2ffmed.2020.00486&partnerID=40&md5=ffd5003c92f6d0384a752ff0b1191092","Article","Final","All Open Access; Gold Open Access; Green Open Access","Scopus","2-s2.0-85090496425"
"Aristizabal J.P.; Pereira A., Jr.; Gomes B.D.; Goulart P.R.K.; de Souza W.C.; Rocha F.A.","Aristizabal, Juan P. (57219903327); Pereira, Antonio (56962776600); Gomes, Bruno Duarte (15022279700); Goulart, Paulo Roney Kilpp (25722750500); de Souza, Wânia Cristina (8653502600); Rocha, Fernando A. (16231200100)","57219903327; 56962776600; 15022279700; 25722750500; 8653502600; 16231200100","Neurofeedback Beta Down Training in Women With High State-Trait Anxiety and Elevated Beta Patterns in Temporal Lobes: A Pilot Study","2024","NeuroRegulation","11","3","","284","295","11","2","10.15540/nr.11.3.284","https://www.scopus.com/inward/record.uri?eid=2-s2.0-85205776095&doi=10.15540%2fnr.11.3.284&partnerID=40&md5=3b62f3d4ec4110a1d786a9bab06f331d","Article","Final","All Open Access; Gold Open Access","Scopus","2-s2.0-85205776095"
"Caldas I.F.R.; Paim I.D.M.; Leite K.T.F.; de Mello Junior H.D.; Bataglia P.U.R.; Martins R.A.; Pereira A.","Caldas, Ivete Furtado Ribeiro (56106211700); Paim, Igor de Moraes (57912572100); Leite, Karla Tereza Figueiredo (57466070500); de Mello Junior, Harold Dias (56308325700); Bataglia, Patrícia Unger Raphael (36545013000); Martins, Raul Aragão (24465732900); Pereira, Antonio (56962776600)","56106211700; 57912572100; 57466070500; 56308325700; 36545013000; 24465732900; 56962776600","Out of sight out of mind: Psychological distance and opinion about the age of penal majority","2022","Frontiers in Psychology","13","","763335","","","","2","10.3389/fpsyg.2022.763335","https://www.scopus.com/inward/record.uri?eid=2-s2.0-85139150407&doi=10.3389%2ffpsyg.2022.763335&partnerID=40&md5=27f806611dd80f5856691f48c4487462","Article","Final","All Open Access; Gold Open Access; Green Open Access","Scopus","2-s2.0-85139150407"
"Dias I.A.; Bahia C.P.; Franca J.G.; Houzel J.C.; Lent R.; Mayer A.O.; Santiago L.F.; Silveira L.C.L.; Picanço-Diniz C.W.; Pereira A.","Dias, I.A. (15623184500); Bahia, C.P. (6505851168); Franca, J.G. (7005735149); Houzel, J.C. (6508375191); Lent, R. (55245100400); Mayer, A.O. (56646692400); Santiago, L.F. (15623838900); Silveira, L.C.L. (35577484500); Picanço-Diniz, C.W. (6701676103); Pereira, Antonio (56962776600)","15623184500; 6505851168; 7005735149; 6508375191; 55245100400; 56646692400; 15623838900; 35577484500; 6701676103; 56962776600","Topography and architecture of visual and somatosensory areas of the agouti","2014","Journal of Comparative Neurology","522","11","","2576","2593","17","13","10.1002/cne.23550","https://www.scopus.com/inward/record.uri?eid=2-s2.0-84901596452&doi=10.1002%2fcne.23550&partnerID=40&md5=96bd6f5b6111a4f4729ed90423bb54bf","Article","Final","All Open Access; Bronze Open Access; Green Open Access","Scopus","2-s2.0-84901596452"
"Krejcová L.V.; Bento-Torres J.; Diniz D.G.; Pereira A., Jr.; Batista-de-Oliveira M.; de Morais A.A.C.L.; Mendes-da-Silva R.F.; Abadie-Guedes R.; dos Santos Â.A.; Lima D.S.; Guedes R.C.A.; Picanço-Diniz C.W.","Krejcová, Lane Viana (57218311036); Bento-Torres, João (15045895500); Diniz, Daniel Guerreiro (36195579100); Pereira, Antonio (56962776600); Batista-de-Oliveira, Manuella (55191367400); de Morais, Andreia Albuquerque Cunha Lopes (59147720300); Mendes-da-Silva, Rosângela Figueiredo (55191367200); Abadie-Guedes, Ricardo (15730147500); dos Santos, Ângela Amâncio (14625104200); Lima, Denise Sandrelly (56594490800); Guedes, Rubem Carlos Araujo (7103388671); Picanço-Diniz, Cristovam Wanderley (6701676103)","57218311036; 15045895500; 36195579100; 56962776600; 55191367400; 59147720300; 55191367200; 15730147500; 14625104200; 56594490800; 7103388671; 6701676103","Unraveling the Influence of Litter Size, Maternal Care, Exercise, and Aging on Neurobehavioral Plasticity and Dentate Gyrus Microglia Dynamics in Male Rats","2024","Brain Sciences","14","5","497","","","","2","10.3390/brainsci14050497","https://www.scopus.com/inward/record.uri?eid=2-s2.0-85194380253&doi=10.3390%2fbrainsci14050497&partnerID=40&md5=0b760c1cfb5f0b42107d7c05e08129ff","Article","Final","All Open Access; Gold Open Access; Green Open Access","Scopus","2-s2.0-85194380253"
"Marini M.; Sriram N.; Schnabel K.; Maliszewski N.; Devos T.; Ekehammar B.; Wiers R.; Cai H.; Somogyi M.; Shiomura K.; Schnall S.; Neto F.; Bar-Anan Y.; Vianello M.; Ayala A.; Dorantes G.; Park J.; Kesebir S.; Pereirax A.; Tulbure B.; Ortner T.; Stepanikova I.; Greenwald A.G.; Nosek B.A.","Marini, Maddalena (54791202100); Sriram, Natarajan (6602450279); Schnabel, Konrad (7005647922); Maliszewski, Norbert (6507683357); Devos, Thierry (6603669646); Ekehammar, Bo (7004024201); Wiers, Reinout (6701516741); Cai, HuaJian (7202853193); Somogyi, Mónika (35726166300); Shiomura, Kimihiro (6602644335); Schnall, Simone (17346586800); Neto, Félix (35557320600); Bar-Anan, Yoav (15055305000); Vianello, Michelangelo (57192184601); Ayala, Alfonso (35725222000); Dorantes, Gabriel (25640958400); Park, Jaihyun (57196406472); Kesebir, Selin (24490570900); Pereirax, Antonio (56962776600); Tulbure, Bogdan (35726143100); Ortner, Tuulia (8631979900); Stepanikova, Irena (15763824500); Greenwald, Anthony G. (7102946617); Nosek, Brian A. (6602443500)","54791202100; 6602450279; 7005647922; 6507683357; 6603669646; 7004024201; 6701516741; 7202853193; 35726166300; 6602644335; 17346586800; 35557320600; 15055305000; 57192184601; 35725222000; 25640958400; 57196406472; 24490570900; 56962776600; 35726143100; 8631979900; 15763824500; 7102946617; 6602443500","Overweight people have low levels of implicit weight bias, but overweight nations have high levels of implicit weight bias","2013","PLoS ONE","8","12","e83543","","","","92","10.1371/journal.pone.0083543","https://www.scopus.com/inward/record.uri?eid=2-s2.0-84892937502&doi=10.1371%2fjournal.pone.0083543&partnerID=40&md5=1209bfc1c97abd50d4c2351fe03f1ff8","Article","Final","All Open Access; Gold Open Access; Green Open Access","Scopus","2-s2.0-84892937502"
"Barbosa A.F.; Souza B.C.; Ferro D.; Pantoja A.L.H.; Dória A.D.; Pereira Jr. A.; Guerreiro A.M.G.","Barbosa, André F. (36717331400); Souza, Bryan C. (36727147000); Ferro, Dayara (36812966900); Pantoja, André L. H. (36814370800); Dória, Adrião D. (7102618949); Pereira Jr., Antônio (56962776600); Guerreiro, Ana M.G. (15055841900)","36717331400; 36727147000; 36812966900; 36814370800; 7102618949; 56962776600; 15055841900","Exploring preprocessing techniques in a three-class brain-machine interface","2010","2010 Annual International Conference of the IEEE Engineering in Medicine and Biology Society, EMBC'10","","","5627382","4242","4245","3","0","10.1109/IEMBS.2010.5627382","https://www.scopus.com/inward/record.uri?eid=2-s2.0-78650808668&doi=10.1109%2fIEMBS.2010.5627382&partnerID=40&md5=4b563df2fdf6422673a4951027541f4e","Conference paper","Final","","Scopus","2-s2.0-78650808668"
"Guimaraes J.S.; Lemos N.A.M.; Freire M.A.M.; Pereira A.; Ribeiro S.","Guimaraes, Joanilson S. (8103722600); Lemos, Nelson Alessandretti M. (22135559700); Freire, Marco Aurelio M. (57193482124); Pereira, Antonio (56962776600); Ribeiro, Sidarta (7102629648)","8103722600; 22135559700; 57193482124; 56962776600; 7102629648","Microelectrode implants, inflammatory response and long-lasting effects on NADPH diaphorase neurons in the rat frontal cortex","2022","Experimental Brain Research","240","10","","2569","2580","11","1","10.1007/s00221-022-06434-3","https://www.scopus.com/inward/record.uri?eid=2-s2.0-85135614782&doi=10.1007%2fs00221-022-06434-3&partnerID=40&md5=e081856ac2237643009477556e659d09","Article","Final","","Scopus","2-s2.0-85135614782"
"de Araújo Costa Folha O.A.; Bahia C.P.; de Aguiar G.P.S.; Herculano A.M.; Coelho N.L.G.; de Sousa M.B.C.; Shiramizu V.K.M.; de Menezes Galvão A.C.; de Carvalho W.A.; Pereira A.","de Araújo Costa Folha, Otávio Augusto (57193552518); Bahia, Carlomagno Pacheco (6505851168); de Aguiar, Gisele Priscila Soares (57193552238); Herculano, Anderson Manoel (8230111200); Coelho, Nicole Leite Galvão (24502938400); de Sousa, Maria Bernardete Cordeiro (7103201354); Shiramizu, Victor Kenji Medeiros (55735140900); de Menezes Galvão, Ana Cecília (57160164600); de Carvalho, Walther Augusto (7004216205); Pereira, Antonio (56962776600)","57193552518; 6505851168; 57193552238; 8230111200; 24502938400; 7103201354; 55735140900; 57160164600; 7004216205; 56962776600","Effect of chronic stress during adolescence in prefrontal cortex structure and function","2017","Behavioural Brain Research","326","","","44","51","7","40","10.1016/j.bbr.2017.02.033","https://www.scopus.com/inward/record.uri?eid=2-s2.0-85014874939&doi=10.1016%2fj.bbr.2017.02.033&partnerID=40&md5=b015710c8285348507fe268d6e6dcd1b","Article","Final","All Open Access; Green Open Access","Scopus","2-s2.0-85014874939"
"Pereira A.","Pereira, Antonio (56962776600)","56962776600","Long-Term Neurological Threats of COVID-19: A Call to Update the Thinking About the Outcomes of the Coronavirus Pandemic","2020","Frontiers in Neurology","11","","308","","","","41","10.3389/fneur.2020.00308","https://www.scopus.com/inward/record.uri?eid=2-s2.0-85084253012&doi=10.3389%2ffneur.2020.00308&partnerID=40&md5=22190182b47718959ad50b234ad3f642","Article","Final","All Open Access; Gold Open Access; Green Open Access","Scopus","2-s2.0-85084253012"
"Lameira A.P.; Guimarães-Silva S.; Ferreira F.M.; Lima L.V.; Pereira Jr. A.; Gawryszewski L.G.","Lameira, Alan Pablo (16039732800); Guimarães-Silva, S. (6504243653); Ferreira, F.M. (35997766800); Lima, L.V. (57213489367); Pereira Jr., A. (56962776600); Gawryszewski, L.G. (6602639311)","16039732800; 6504243653; 35997766800; 57213489367; 56962776600; 6602639311","Hand posture and motor imagery: A body-part recognition study","2008","Revista Brasileira de Fisioterapia","12","5","","379","385","6","6","10.1590/s1413-35552008000500007","https://www.scopus.com/inward/record.uri?eid=2-s2.0-58149197656&doi=10.1590%2fs1413-35552008000500007&partnerID=40&md5=90cd851e448416acc2277a7961616b12","Article","Final","All Open Access; Green Open Access; Hybrid Gold Open Access","Scopus","2-s2.0-58149197656"
"Pereira A.; Balen S.A.; Pereira S.A.","Pereira, Antonio (56962776600); Balen, Sheila Andreoli (35486696800); Pereira, Silvana Alves (56105903000)","56962776600; 35486696800; 56105903000","Editorial: Postnatal brain development in moderate and late preterm infants: challenges and context-relevant interventions","2024","Frontiers in Psychology","15","","1511981","","","","1","10.3389/fpsyg.2024.1511981","https://www.scopus.com/inward/record.uri?eid=2-s2.0-85209350194&doi=10.3389%2ffpsyg.2024.1511981&partnerID=40&md5=f934fb1fa401a403ac2b716e1d75fb60","Editorial","Final","All Open Access; Gold Open Access; Green Open Access","Scopus","2-s2.0-85209350194"
"Lameira A.P.; Gawryszewski L.G.; Pereira A., Jr.","Lameira, Allan Pablo (16039732800); Gawryszewski, Luiz de Gonzaga (6602639311); Pereira, Antônio (56962776600)","16039732800; 6602639311; 56962776600","Mirror neurons; [Neurônios espelho]","2006","Psicologia USP","17","4","","123","133","10","10","10.1590/S0103-65642006000400007","https://www.scopus.com/inward/record.uri?eid=2-s2.0-77953473498&doi=10.1590%2fS0103-65642006000400007&partnerID=40&md5=a494918eaa69174d9d0d36b5c31a7d33","Article","Final","All Open Access; Gold Open Access; Green Open Access","Scopus","2-s2.0-77953473498"
"Cardoso G.T.M.; Gomes-Leal W.; Franco E.C.S.; Pereira A., Jr.; Gomes F.L.; Brino A.L.F.; Lima S.M.A.","Cardoso, Giuliana T. M. (57214805495); Gomes-Leal, Walace (8760628300); Franco, Edna C. S. (7103162358); Pereira, Antonio (56962776600); Gomes, Francinaldo L. (15768969700); Brino, Ana Leda F. (51763207100); Lima, Silene M. A. (8253293100)","57214805495; 8760628300; 7103162358; 56962776600; 15768969700; 51763207100; 8253293100","Compensatory Hippocampal Neurogenesis in the Absence of Cognitive Impairment Following Experimental Hippocampectomy in Adult Rats","2021","Frontiers in Cellular Neuroscience","15","","709291","","","","3","10.3389/fncel.2021.709291","https://www.scopus.com/inward/record.uri?eid=2-s2.0-85114989278&doi=10.3389%2ffncel.2021.709291&partnerID=40&md5=f2b1261e6d18290d805b7334606f6837","Article","Final","All Open Access; Gold Open Access; Green Open Access","Scopus","2-s2.0-85114989278"
"Fonseca S.S.S.D.; Rodrigues T.V.P.; Pinheiro W.B.D.S.; Teixeira E.B.; dos Santos K.I.P.; da Silva M.G.D.O.P.; de Sousa A.M.; do Vale D.M.C.; Pinho J.D.; Araújo T.M.T.; Khayat A.S.; Pereira A.","Fonseca, Susanne Suely Santos da (57478096900); Rodrigues, Thaíssa Vitória Portal (58997511700); Pinheiro, Wandson Braamcamp de Souza (57201457242); Teixeira, Eliel Barbosa (57218952420); dos Santos, Kyouk Isabel Portilho (57260951600); da Silva, Marcelli Geisse de Oliveira Prata (58535973300); de Sousa, Amanda Marques (57733002600); do Vale, Débora Monteiro Carneiro (58997511800); Pinho, Jaqueline Diniz (55804769400); Araújo, Taíssa Maíra Thomaz (52263194900); Khayat, André Salim (7006620024); Pereira, Antonio (56962776600)","57478096900; 58997511700; 57201457242; 57218952420; 57260951600; 58535973300; 57733002600; 58997511800; 55804769400; 52263194900; 7006620024; 56962776600","The effect of 1-deoxynojirimycin isolated from logging residue of Bagassa guianensis on an in vitro cancer model","2024","Frontiers in Chemical Engineering","6","","1342755","","","","6","10.3389/fceng.2024.1342755","https://www.scopus.com/inward/record.uri?eid=2-s2.0-85191029311&doi=10.3389%2ffceng.2024.1342755&partnerID=40&md5=61b867081303f7e479edfb5985832db6","Article","Final","All Open Access; Gold Open Access; Green Open Access","Scopus","2-s2.0-85191029311"
"Guedes R.C.A.; Araújo M.D.G.R.D.; Verçosa T.C.; Bion F.M.; de Sá A.L.; Pereira A., Jr; Abadie-Guedes R.","Guedes, Rubem Carlos Araújo (7103388671); Araújo, Maria das Graças Rodrigues de (57215787155); Verçosa, Taciana Cristovam (58349606500); Bion, Francisca Martins (35606892500); de Sá, Andrea Lima (57189232865); Pereira, Antônio (56962776600); Abadie-Guedes, Ricardo (15730147500)","7103388671; 57215787155; 58349606500; 35606892500; 57189232865; 56962776600; 15730147500","Evidence of an inverse correlation between serotonergic activity and spreading depression propagation in the rat cortex","2017","Brain Research","1672","","","29","34","5","28","10.1016/j.brainres.2017.07.011","https://www.scopus.com/inward/record.uri?eid=2-s2.0-85026434398&doi=10.1016%2fj.brainres.2017.07.011&partnerID=40&md5=0f08d655105be961cb332f20015d4449","Article","Final","","Scopus","2-s2.0-85026434398"
"Freire M.A.M.; Tourinho S.C.; Guimarães J.S.; Oliveira J.L.F.; Picanço-Diniz C.W.; Gomes-Leal W.; Pereira Jr. A.","Freire, Marco Aurélio M. (57193482124); Tourinho, Suzane C. (55973128500); Guimarães, Joanilson S. (8103722600); Oliveira, Jorge Luiz F. (36096914000); Picanço-Diniz, Cristovam W. (6701676103); Gomes-Leal, Walace (8760628300); Pereira Jr., Antonio (56962776600)","57193482124; 55973128500; 8103722600; 36096914000; 6701676103; 8760628300; 56962776600","Histochemical characterization, distribution and morphometric analysis of NADPH diaphorase neurons in the spinal cord of the agouti","2008","Frontiers in Neuroanatomy","2","MAY","2","","","","8","10.3389/neuro.05.002.2008","https://www.scopus.com/inward/record.uri?eid=2-s2.0-76449093871&doi=10.3389%2fneuro.05.002.2008&partnerID=40&md5=2322161714cf1c6c77a0884d61b204dd","Article","Final","All Open Access; Gold Open Access; Green Open Access","Scopus","2-s2.0-76449093871"
"Caldas I.F.R.; Garotti M.F.; Shiramizu V.K.M.; Pereira A.","Caldas, Ivete F.R. (56106211700); Garotti, Marilice F. (6505835043); Shiramizu, Victor K.M. (55735140900); Pereira, Antonio (56962776600)","56106211700; 6505835043; 55735140900; 56962776600","The socio-communicative development of preterm infants is resistant to the negative effects of parity on maternal responsiveness","2018","Frontiers in Psychology","9","FEB","43","","","","12","10.3389/fpsyg.2018.00043","https://www.scopus.com/inward/record.uri?eid=2-s2.0-85041730950&doi=10.3389%2ffpsyg.2018.00043&partnerID=40&md5=7917353ecf01cdbd164a65f1fdfa8daa","Article","Final","All Open Access; Gold Open Access; Green Open Access","Scopus","2-s2.0-85041730950"
"Elston G.N.; Elston A.; Freire M.A.M.; Gomes Leal W.; Dias I.A.; Pereira Jr. A.; Silveira L.C.L.; Picanço Diniz C.W.","Elston, Guy N. (7004202444); Elston, Alejandra (8521638300); Freire, Marco Aurelio (57193482124); Gomes Leal, Wallace (8760628300); Dias, Ivanira Amaral (15623184500); Pereira Jr., Antonio (56962776600); Silveira, Luiz Carlos L. (35577484500); Picanço Diniz, Cristovam W. (6701676103)","7004202444; 8521638300; 57193482124; 8760628300; 15623184500; 56962776600; 35577484500; 6701676103","Specialization of pyramidal cell structure in the visual areas V1, V2 and V3 of the South American rodent, Dasyprocta primnolopha","2006","Brain Research","1106","1","","99","110","11","34","10.1016/j.brainres.2006.05.100","https://www.scopus.com/inward/record.uri?eid=2-s2.0-33746661552&doi=10.1016%2fj.brainres.2006.05.100&partnerID=40&md5=4c01dca7a6d2be1f322246d27bab7b5c","Article","Final","","Scopus","2-s2.0-33746661552"
"Freire M.A.M.; Franca J.G.; Picanco-Diniz C.W.; Manger P.R.; Kaas J.H.; Pereira A.","Freire, Marco Aurelio M. (57193482124); Franca, João G. (7005735149); Picanco-Diniz, Cristovam W. (6701676103); Manger, Paul R. (7003480638); Kaas, Jon H. (7103403830); Pereira, Antonio (56962776600)","57193482124; 7005735149; 6701676103; 7003480638; 7103403830; 56962776600","Organization of Somatosensory Cortex in the South American Rodent Paca (Cuniculus paca)","2024","Brain, Behavior and Evolution","98","6","","275","289","14","1","10.1159/000534469","https://www.scopus.com/inward/record.uri?eid=2-s2.0-85185843902&doi=10.1159%2f000534469&partnerID=40&md5=9b15d9c61f7c6519a447accff7df1cb5","Article","Final","","Scopus","2-s2.0-85185843902"
"Santiago L.F.; Rocha E.G.; Freire M.A.M.; Dias I.A.; Lent R.; Houzel J.C.; Picanço-Diniz C.W.; Pereira Jr. A.; Franca J.G.","Santiago, L.F. (15623838900); Rocha, E.G. (15623652100); Freire, M.A.M. (57193482124); Dias, I.A. (15623184500); Lent, R. (55245100400); Houzel, J.C. (6508375191); Picanço-Diniz, C.W. (6701676103); Pereira Jr., Antonio (56962776600); Franca, J.G. (7005735149)","15623838900; 15623652100; 57193482124; 15623184500; 55245100400; 6508375191; 6701676103; 56962776600; 7005735149","The organizational variability of the rodent somatosensory cortex","2007","Reviews in the Neurosciences","18","3-4","","283","294","11","28","10.1515/REVNEURO.2007.18.3-4.283","https://www.scopus.com/inward/record.uri?eid=2-s2.0-37749022854&doi=10.1515%2fREVNEURO.2007.18.3-4.283&partnerID=40&md5=9ac6d5157691bd74d5545cb22c418914","Review","Final","","Scopus","2-s2.0-37749022854"
"Santos S.F.; De Oliveira H.L.; Yamada E.S.; Neves B.C.; Pereira A., Jr.","Santos, Susanne Fonseca (57209969594); De Oliveira, Hadassa Loth (57209985262); Yamada, Elizabeth Sumi (7202999208); Neves, Bianca Cruz (7007056906); Pereira, Antonio (56962776600)","57209969594; 57209985262; 7202999208; 7007056906; 56962776600","The gut and Parkinson's disease - A bidirectional pathway","2019","Frontiers in Neurology","10","JUN","574","","","","127","10.3389/fneur.2019.00574","https://www.scopus.com/inward/record.uri?eid=2-s2.0-85069147429&doi=10.3389%2ffneur.2019.00574&partnerID=40&md5=7d05dd7894d3a6ff2ec566efe9fc0fef","Review","Final","All Open Access; Gold Open Access; Green Open Access","Scopus","2-s2.0-85069147429"
"Pereira Jr. A.; Volchan E.; Bernardes R.F.; Rocha-Miranda C.E.","Pereira Jr., A. (56962776600); Volchan, E. (6701857606); Bernardes, R.F. (7004634384); Rocha-Miranda, C.E. (6701715687)","56962776600; 6701857606; 7004634384; 6701715687","Binocularity in the nucleus of the optic tract of the opossum","1994","Experimental Brain Research","102","2","","327","338","11","16","10.1007/BF00227519","https://www.scopus.com/inward/record.uri?eid=2-s2.0-0028588004&doi=10.1007%2fBF00227519&partnerID=40&md5=c5a05e739e5dc6bae718bd53c64b8ac9","Article","Final","","Scopus","2-s2.0-0028588004"
"Freire M.A.M.; Gomes-Leal W.; Carvalho W.A.; Guimarães J.S.; Franca J.G.; Picanço-Diniz C.W.; Pereira Jr. A.","Freire, Marco Aurélio M. (57193482124); Gomes-Leal, Walace (8760628300); Carvalho, Walther A. (57206329455); Guimarães, Joanilson S. (8103722600); Franca, João G. (7005735149); Picanço-Diniz, Cristovam W. (6701676103); Pereira Jr., Antonio (56962776600)","57193482124; 8760628300; 57206329455; 8103722600; 7005735149; 6701676103; 56962776600","A morphometric study of the progressive changes on NADPH diaphorase activity in the developing rat's barrel field","2004","Neuroscience Research","50","1","","55","66","11","25","10.1016/j.neures.2004.05.009","https://www.scopus.com/inward/record.uri?eid=2-s2.0-3543142529&doi=10.1016%2fj.neures.2004.05.009&partnerID=40&md5=ec69199b1d253e20f8f4050c3c649500","Article","Final","","Scopus","2-s2.0-3543142529"
"Melo E.; Fiel J.; Milhomens R.; Ribeiro T.; Navegantes R.; Gomes F.; Duarte Gomes B.; Pereira A.","Melo, Eline (57219903096); Fiel, José (57647945200); Milhomens, Rodrigo (57859160100); Ribeiro, Thaynara (57647203900); Navegantes, Raphael (57219908107); Gomes, Francinaldo (15768969700); Duarte Gomes, Bruno (57859877600); Pereira, Antonio (56962776600)","57219903096; 57647945200; 57859160100; 57647203900; 57219908107; 15768969700; 57859877600; 56962776600","Dynamic coupling between the central and autonomic cardiac nervous systems in patients with refractory epilepsy: A pilot study","2022","Frontiers in Neurology","13","","904052","","","","8","10.3389/fneur.2022.904052","https://www.scopus.com/inward/record.uri?eid=2-s2.0-85136584023&doi=10.3389%2ffneur.2022.904052&partnerID=40&md5=a840c3c57ee17143c475aa6814a13812","Article","Final","All Open Access; Gold Open Access; Green Open Access","Scopus","2-s2.0-85136584023"
"Passos P.P.; Borba J.M.C.; Rocha-de-Melo A.P.; Guedes R.C.A.; da Silva R.P.; Filho W.T.M.; Gouveia K.M.M.; Navarro D.M.D.A.F.; Santos G.K.N.; Borner R.; Picanço-Diniz C.W.; Pereira A.; de Oliveira Costa M.S.M.; Rodrigues M.C.A.; Andrade-da-Costa B.L.D.S.","Passos, Priscila Pereira (36446487100); Borba, Juliana Maria Carrazone (15742047700); Rocha-de-Melo, Ana Paula (6507559819); Guedes, Rubem Carlos Araujo (7103388671); da Silva, Reginaldo Pereira (36445484200); Filho, Waldenício Teixeira Melo (55257306300); Gouveia, Kátia Maria Marques (55257782700); Navarro, Daniela Maria do Amaral Ferraz (7004873677); Santos, Geanne Karla Novais (25825585100); Borner, Roseane (52263266400); Picanço-Diniz, Cristovam Wanderley (6701676103); Pereira, Antonio (56962776600); de Oliveira Costa, Miriam Stela Maris (16635445700); Rodrigues, Marcelo Cairrão Araújo (7202521555); Andrade-da-Costa, Belmira Lara da Silveira (35617781300)","36446487100; 15742047700; 6507559819; 7103388671; 36445484200; 55257306300; 55257782700; 7004873677; 25825585100; 52263266400; 6701676103; 56962776600; 16635445700; 7202521555; 35617781300","Dopaminergic cell populations of the rat substantia nigra are differentially affected by essential fatty acid dietary restriction over two generations","2012","Journal of Chemical Neuroanatomy","44","2","","66","75","9","15","10.1016/j.jchemneu.2012.05.003","https://www.scopus.com/inward/record.uri?eid=2-s2.0-84864017980&doi=10.1016%2fj.jchemneu.2012.05.003&partnerID=40&md5=ef0fb63c5ccd3ebe5e1f78672ef8edcf","Article","Final","All Open Access; Green Open Access","Scopus","2-s2.0-84864017980"
"Freire M.A.M.; Faber J.; Picanço-Diniz C.W.; Franca J.G.; Pereira A.","Freire, M.A.M. (57193482124); Faber, J. (53163586200); Picanço-Diniz, C.W. (6701676103); Franca, J.G. (7005735149); Pereira, A. (56962776600)","57193482124; 53163586200; 6701676103; 7005735149; 56962776600","Morphometric variability of nicotinamide adenine dinucleotide phosphate diaphorase neurons in the primary sensory areas of the rat","2012","Neuroscience","205","","","140","153","13","26","10.1016/j.neuroscience.2011.12.029","https://www.scopus.com/inward/record.uri?eid=2-s2.0-84858007000&doi=10.1016%2fj.neuroscience.2011.12.029&partnerID=40&md5=c195000e7c806b7701025a5ffa8702dd","Article","Final","","Scopus","2-s2.0-84858007000"
"Pereira Jr. A.; Freire M.-A.M.; Bahia C.P.; Franca J.G.; Picanço-Diniz C.W.","Pereira Jr., Antonio (56962776600); Freire, Marco-Aurélio M. (57193482124); Bahia, Carlomagno P. (6505851168); Franca, João G. (7005735149); Picanço-Diniz, Cristovam W. (6701676103)","56962776600; 57193482124; 6505851168; 7005735149; 6701676103","The barrel field of the adult mouse Sml cortex as revealed by NADPH- diaphorase histochemistry","2000","NeuroReport","11","9","","1889","1892","3","26","10.1097/00001756-200006260-00017","https://www.scopus.com/inward/record.uri?eid=2-s2.0-0034717798&doi=10.1097%2f00001756-200006260-00017&partnerID=40&md5=a58aefcc192e1e81b6e9c5575f9b2ddb","Article","Final","","Scopus","2-s2.0-0034717798"
"Lameira A.P.; Pereira A.; Conde E.; Gawryszewski L.G.","Lameira, A.P. (16039732800); Pereira, A. (56962776600); Conde, E. (36696041900); Gawryszewski, L.G. (6602639311)","16039732800; 56962776600; 36696041900; 6602639311","Interaction between affordance and handedness recognition: A chronometric study","2015","Brazilian Journal of Medical and Biological Research","48","4","","316","320","4","0","10.1590/1414-431X20144336","https://www.scopus.com/inward/record.uri?eid=2-s2.0-84927753933&doi=10.1590%2f1414-431X20144336&partnerID=40&md5=cb5954f11b2402b9359e87dab53cab2b","Article","Final","All Open Access; Gold Open Access; Green Open Access","Scopus","2-s2.0-84927753933"
"Lameira A.P.; Pereira A.; Fraga-Filho R.S.; Gawryszewski L.G.","Lameira, Allan Pablo (16039732800); Pereira, Antônio (56962776600); Fraga-Filho, Roberto Sena (55779188600); Gawryszewski, Luiz G. (6602639311)","16039732800; 56962776600; 55779188600; 6602639311","Stimulus–response compatibility with body parts: a study with hands","2015","Experimental Brain Research","233","7","","2127","2132","5","3","10.1007/s00221-015-4283-z","https://www.scopus.com/inward/record.uri?eid=2-s2.0-84930865105&doi=10.1007%2fs00221-015-4283-z&partnerID=40&md5=ef6a8a28954fe9d178c5f89d7a2899f7","Article","Final","All Open Access; Green Open Access","Scopus","2-s2.0-84930865105"
"de Araujo I.E.; Gutierrez R.; Oliveira-Maia A.J.; Pereira Jr. A.; Nicolelis M.A.L.; Simon S.A.","de Araujo, Ivan E. (7004113238); Gutierrez, Ranier (56000773700); Oliveira-Maia, Albino J. (14060820700); Pereira Jr., Antonio (56962776600); Nicolelis, Miguel A.L. (7005998604); Simon, Sidney A. (7402458350)","7004113238; 56000773700; 14060820700; 56962776600; 7005998604; 7402458350","Neural Ensemble Coding of Satiety States","2006","Neuron","51","4","","483","494","11","117","10.1016/j.neuron.2006.07.009","https://www.scopus.com/inward/record.uri?eid=2-s2.0-33746864054&doi=10.1016%2fj.neuron.2006.07.009&partnerID=40&md5=31173687f5a3ab35b82797c56091249f","Article","Final","All Open Access; Bronze Open Access","Scopus","2-s2.0-33746864054"
"Pereira C.M.; Freire M.A.M.; Santos J.R.; Guimarães J.S.; Dias-Florencio G.; Santos S.; Pereira A.; Ribeiro S.","Pereira, Catia M. (35569703400); Freire, Marco Aurelio M. (57193482124); Santos, José R. (54414901400); Guimarães, Joanilson S. (8103722600); Dias-Florencio, Gabriella (57193168910); Santos, Sharlene (56672407700); Pereira, Antonio (56962776600); Ribeiro, Sidarta (7102629648)","35569703400; 57193482124; 54414901400; 8103722600; 57193168910; 56672407700; 56962776600; 7102629648","Non-visual exploration of novel objects increases the levels of plasticity factors in the rat primary visual cortex","2018","PeerJ","2018","10","e5678","","","","2","10.7717/peerj.5678","https://www.scopus.com/inward/record.uri?eid=2-s2.0-85055719697&doi=10.7717%2fpeerj.5678&partnerID=40&md5=d28df0dcd04054ab28dfa34eaae43dad","Article","Final","All Open Access; Gold Open Access; Green Open Access","Scopus","2-s2.0-85055719697"
"Anomal R.F.; Brandão D.S.; Souza R.F.L.D.; Oliveira S.S.D.; Porto S.B.; Hazin Pires I.A.; Pereira A., Jr.","Anomal, Renata Figueiredo (23479223900); Brandão, Daniel Soares (57222093354); Souza, Rafaela Faustino Lacerda de (57711271800); Oliveira, Sóstenes Silva de (57297251800); Porto, Silvia Beltrame (57216776379); Hazin Pires, Izabel Augusta (58175002600); Pereira, Antonio (56962776600)","23479223900; 57222093354; 57711271800; 57297251800; 57216776379; 58175002600; 56962776600","The spectral profile of cortical activation during a visuospatial mental rotation task and its correlation with working memory","2023","Frontiers in Neuroscience","17","","1134067","","","","5","10.3389/fnins.2023.1134067","https://www.scopus.com/inward/record.uri?eid=2-s2.0-85152088170&doi=10.3389%2ffnins.2023.1134067&partnerID=40&md5=5b9b5181ddd4f50b0178d171b269e9cd","Article","Final","All Open Access; Gold Open Access; Green Open Access","Scopus","2-s2.0-85152088170"
"Vargas C.D.; Volchan E.; Hokoç J.N.; Pereira A.; Bernardes R.F.; Rocha-Miranda C.E.","Vargas, C.D. (7101622666); Volchan, E. (6701857606); Hokoç, J.N. (55663950600); Pereira, A. (56962776600); Bernardes, R.F. (7004634384); Rocha-Miranda, C.E. (6701715687)","7101622666; 6701857606; 55663950600; 56962776600; 7004634384; 6701715687","On the functional anatomy of the nucleus of the optic tract-dorsal terminal nucleus commissural connection in the opossum (Didelphis marsupialis aurita)","1996","Neuroscience","76","1","","313","321","8","16","10.1016/S0306-4522(96)00356-9","https://www.scopus.com/inward/record.uri?eid=2-s2.0-0030571570&doi=10.1016%2fS0306-4522%2896%2900356-9&partnerID=40&md5=46b4740038b5c0664eacacd939cd6db9","Article","Final","","Scopus","2-s2.0-0030571570"
"Gawryszewski L.G.; Lameira A.P.; Ferreira F.M.; Guimaraes-Silva S.; Conde E.F.Q.; Pereira A., Jr.","Gawryszewski, Luiz de Gonzaga (6602639311); Lameira, Allan Pablo (16039732800); Ferreira, Fernanda Maciel (35997766800); Guimaraes-Silva, Sabrina (6504243653); Conde, Erick Francisco Quintas (36696041900); Pereira, Antônio (56962776600)","6602639311; 16039732800; 35997766800; 6504243653; 36696041900; 56962776600","Stimulus-response compatibility as a tool for studying motor behavior; [A compatibilidade estímulo-resposta como modelo para o estudo do comportamento motor]","2006","Psicologia USP","17","4","","103","121","18","3","10.1590/S0103-65642006000400006","https://www.scopus.com/inward/record.uri?eid=2-s2.0-78650447989&doi=10.1590%2fS0103-65642006000400006&partnerID=40&md5=be75572e97e5f6ab017ba3493300374d","Article","Final","All Open Access; Gold Open Access","Scopus","2-s2.0-78650447989"
"Souza S.C.; Navegantes R.E.S.; Miranda D.S.; Fiel J.S.; Pereira A.","Souza, S.C. (57644243700); Navegantes, R.E.S. (57219908107); Miranda, D.S. (57645732100); Fiel, J.S. (57647945200); Pereira, A. (56962776600)","57644243700; 57219908107; 57645732100; 57647945200; 56962776600","Neurofeedback Training for Regulation of Sensorimotor Rhythm in Individuals with Refractory Epilepsy","2022","IFMBE Proceedings","83","","","2189","2192","3","1","10.1007/978-3-030-70601-2_320","https://www.scopus.com/inward/record.uri?eid=2-s2.0-85128942202&doi=10.1007%2f978-3-030-70601-2_320&partnerID=40&md5=b6ba737bfe0569ac0e848cc91a8a3708","Conference paper","Final","","Scopus","2-s2.0-85128942202"
"Freire M.A.M.; Lima R.R.; Nascimento P.C.; Gomes-Leal W.; Pereira A., Jr.","Freire, Marco Aurelio M. (57193482124); Lima, Rafael Rodrigues (23493064500); Nascimento, Priscila Cunha (57200422072); Gomes-Leal, Walace (8760628300); Pereira, Antonio (56962776600)","57193482124; 23493064500; 57200422072; 8760628300; 56962776600","Effects of methylmercury on the pattern of NADPH diaphorase expression and astrocytic activation in the rat","2020","Ecotoxicology and Environmental Safety","201","","110799","","","","19","10.1016/j.ecoenv.2020.110799","https://www.scopus.com/inward/record.uri?eid=2-s2.0-85086318496&doi=10.1016%2fj.ecoenv.2020.110799&partnerID=40&md5=6e954e4dfc000f95c42bb84737d20259","Article","Final","","Scopus","2-s2.0-85086318496"
"Lameira A.P.; Gawryszewski L.G.; Guimarães-Silva S.; Ferreira F.M.; Vargas C.D.; Umiltà C.; Pereira A.","Lameira, Allan P. (16039732800); Gawryszewski, Luiz G. (6602639311); Guimarães-Silva, Sabrina (6504243653); Ferreira, Fernanda M. (35997766800); Vargas, Cláudia D. (7101622666); Umiltà, Carlo (7005333781); Pereira, Antônio (56962776600)","16039732800; 6602639311; 6504243653; 35997766800; 7101622666; 7005333781; 56962776600","Hand posture effects on handedness recognition as revealed by the Simon effect","2009","Frontiers in Human Neuroscience","3","NOV","59","","","","8","10.3389/neuro.09.059.2009","https://www.scopus.com/inward/record.uri?eid=2-s2.0-84879080608&doi=10.3389%2fneuro.09.059.2009&partnerID=40&md5=d860d23478c41a5fb9432553b76a70c6","Article","Final","All Open Access; Gold Open Access; Green Open Access","Scopus","2-s2.0-84879080608"
"Volchan E.; Vargas C.D.; Da Franca J.G.; Pereira Jr. A.; Da Rocha-Miranda C.E.","Volchan, Eliane (6701857606); Vargas, Claudia Domingues (7101622666); Da Franca, João Guedes (7005735149); Pereira Jr., Antonio (56962776600); Da Rocha-Miranda, Carlos Eduardo (6503906610)","6701857606; 7101622666; 7005735149; 56962776600; 6503906610","Tooled for the Task: Vision in the Opossum","2004","BioScience","54","3","","189","194","5","9","10.1641/0006-3568(2004)054[0189:TFTTVI]2.0.CO;2","https://www.scopus.com/inward/record.uri?eid=2-s2.0-1542288165&doi=10.1641%2f0006-3568%282004%29054%5b0189%3aTFTTVI%5d2.0.CO%3b2&partnerID=40&md5=66323ab55d67abf6f11e6c8a58e486ec","Review","Final","","Scopus","2-s2.0-1542288165"
"Fonseca S.S.S.; S. Port’s N.M.; Aguiar G.P.S.; Botelho E.P.; Couto N.M.G.; Pinheiro W.B.S.; Khayat A.S.; Yamada E.S.; Costa E.T.; Sena C.B.C.; Arruda M.S.P.; Bahia C.P.; Pereira A.","Fonseca, Susanne Suely Santos (57478096900); S. Port’s, Natacha M. (59751158500); Aguiar, Gisele Priscila Soares (59750858100); Botelho, Eliã P. (57211540618); Couto, Nádia M. G. (57207469901); Pinheiro, Wandson Braamcamp Souza (57201457242); Khayat, André Salim (7006620024); Yamada, Elizabeth S. (7202999208); Costa, Edmar T. (35493406100); Sena, Chubert Bernardo C. (14622029700); Arruda, Mara Silvia P. (35894629600); Bahia, Carlomagno P. (6505851168); Pereira, Antonio (56962776600)","57478096900; 59751158500; 59750858100; 57211540618; 57207469901; 57201457242; 7006620024; 7202999208; 35493406100; 14622029700; 35894629600; 6505851168; 56962776600","Brosimine B and the biphasic dose-response: insights into hormesis and retinal neuroprotection","2025","Frontiers in Pharmacology","16","","1558726","","","","7","10.3389/fphar.2025.1558726","https://www.scopus.com/inward/record.uri?eid=2-s2.0-105003416504&doi=10.3389%2ffphar.2025.1558726&partnerID=40&md5=41f94d7d917594f388a4575ba86f8262","Article","Final","All Open Access; Gold Open Access; Green Open Access","Scopus","2-s2.0-105003416504"
"Pereira A.; Volchan E.; Vargas C.D.; Penetra L.; Rocha-Miranda C.E.","Pereira, A. (56962776600); Volchan, E. (6701857606); Vargas, C.D. (7101622666); Penetra, L. (6505515021); Rocha-Miranda, C.E. (6701715687)","56962776600; 6701857606; 7101622666; 6505515021; 6701715687","Cortical and subcortical influences on the nucleus of the optic tract of the opossum","1999","Neuroscience","95","4","","953","963","10","11","10.1016/S0306-4522(99)00463-7","https://www.scopus.com/inward/record.uri?eid=2-s2.0-0033429013&doi=10.1016%2fS0306-4522%2899%2900463-7&partnerID=40&md5=b727edf609cf1bb11aa14c04b6da80b6","Article","Final","","Scopus","2-s2.0-0033429013"
"Santiago L.F.; Rocha E.G.; Santos C.L.A.; Pereira A.; Franca J.G.; Picanço-Diniz C.W.","Santiago, L.F. (15623838900); Rocha, E.G. (15623652100); Santos, C.L.A. (57214144285); Pereira, A. (56962776600); Franca, J.G. (7005735149); Picanço-Diniz, C.W. (6701676103)","15623838900; 15623652100; 57214144285; 56962776600; 7005735149; 6701676103","S1 to S2 hind- and forelimb projections in the agouti somatosensory cortex: Axon fragments morphological analysis","2010","Journal of Chemical Neuroanatomy","40","4","","339","345","6","8","10.1016/j.jchemneu.2010.09.005","https://www.scopus.com/inward/record.uri?eid=2-s2.0-78449308438&doi=10.1016%2fj.jchemneu.2010.09.005&partnerID=40&md5=1b4780fb09b26f9a1b961b3c0b7b493c","Article","Final","","Scopus","2-s2.0-78449308438"
"Ferreira S.K.S.; Silveira A.S.; Pereira A.","Ferreira, S.K.S. (57208885243); Silveira, A.S. (59430921200); Pereira, A. (56962776600)","57208885243; 59430921200; 56962776600","EEG-Based Motor Imagery Classification Using Multilayer Perceptron Neural Network","2022","IFMBE Proceedings","83","","","1873","1878","5","2","10.1007/978-3-030-70601-2_273","https://www.scopus.com/inward/record.uri?eid=2-s2.0-85128919020&doi=10.1007%2f978-3-030-70601-2_273&partnerID=40&md5=9ce6d05abfc29fd96855a457fb582954","Conference paper","Final","","Scopus","2-s2.0-85128919020"
"Viana L.C.; Lima C.M.; Oliveira M.A.; Borges R.P.; Cardoso T.T.; Almeida I.N.F.; Diniz D.G.; Bento-Torres J.; Pereira A.; Batista-de-Oliveira M.; Lopes A.A.C.; Silva R.F.M.; Abadie-Guedes R.; Amâncio dos Santos A.; Lima D.S.C.; Vasconcelos P.F.C.; Cunningham C.; Guedes R.C.A.; Picanço-Diniz C.W.","Viana, L.C. (23135960100); Lima, C.M. (56441100600); Oliveira, M.A. (56260324600); Borges, R.P. (57225332698); Cardoso, T.T. (26646228800); Almeida, I.N.F. (50560939600); Diniz, D.G. (36195579100); Bento-Torres, J. (15045895500); Pereira, A. (56962776600); Batista-de-Oliveira, M. (55191367400); Lopes, A.A.C. (55190906600); Silva, R.F.M. (59032487700); Abadie-Guedes, R. (15730147500); Amâncio dos Santos, A. (9275710500); Lima, D.S.C. (56594490800); Vasconcelos, P.F.C. (35602021900); Cunningham, C. (7201736265); Guedes, R.C.A. (7103388671); Picanço-Diniz, C.W. (6701676103)","23135960100; 56441100600; 56260324600; 57225332698; 26646228800; 50560939600; 36195579100; 15045895500; 56962776600; 55191367400; 55190906600; 59032487700; 15730147500; 9275710500; 56594490800; 35602021900; 7201736265; 7103388671; 6701676103","Litter size, age-related memory impairments, and microglial changes in rat dentate gyrus: Stereological analysis and three dimensional morphometry","2013","Neuroscience","238","","","280","296","16","21","10.1016/j.neuroscience.2013.02.019","https://www.scopus.com/inward/record.uri?eid=2-s2.0-84875819045&doi=10.1016%2fj.neuroscience.2013.02.019&partnerID=40&md5=3368376c0ff0a99218d5a77c2460b7ca","Article","Final","All Open Access; Green Open Access","Scopus","2-s2.0-84875819045"
"Soares J.G.M.; Pereira A.C.C.N.; Botelho E.P.; Pereira S.S.; Fiorani M.; Gattass R.","Soares, Juliana G.M. (7402325777); Pereira, Ana C.C.N. (56962776600); Botelho, Eliã P. (57211540618); Pereira, Sandra S. (57213214274); Fiorani, Mario (7004645417); Gattass, Ricardo (7003839651)","7402325777; 56962776600; 57211540618; 57213214274; 7004645417; 7003839651","Differential expression of Zif268 and c-Fos in the primary visual cortex and lateral geniculate nucleus of normal Cebus monkeys and after monocular lesions","2005","Journal of Comparative Neurology","482","2","","166","175","9","16","10.1002/cne.20361","https://www.scopus.com/inward/record.uri?eid=2-s2.0-11244253137&doi=10.1002%2fcne.20361&partnerID=40&md5=944d838fb2704692dd8663b4a370584e","Article","Final","","Scopus","2-s2.0-11244253137"
"Aristizabal J.-P.; Navegantes R.; Melo E.; Pereira A., Jr.","Aristizabal, Juan-Pablo (57219903327); Navegantes, Raphael (57219908107); Melo, Eline (57219903096); Pereira, Antonio (56962776600)","57219903327; 57219908107; 57219903096; 56962776600","Use of Heart Rate Variability Biofeedback to Reduce the Psychological Burden of Frontline Healthcare Professionals Against COVID-19","2020","Frontiers in Psychology","11","","572191","","","","10","10.3389/fpsyg.2020.572191","https://www.scopus.com/inward/record.uri?eid=2-s2.0-85096002095&doi=10.3389%2ffpsyg.2020.572191&partnerID=40&md5=f4e2e73559db5a6f09227e01a76946e4","Article","Final","All Open Access; Gold Open Access; Green Open Access","Scopus","2-s2.0-85096002095"
"Franca J.G.; Freire M.A.M.; Pereira A.; Manger P.R.; Kaas J.H.; Picanço-Diniz C.W.","Franca, João G. (7005735149); Freire, Marco Aurelio M. (57193482124); Pereira, Antonio (56962776600); Manger, Paul R. (7003480638); Kaas, Jon H. (7103403830); Picanço-Diniz, Cristovam W. (6701676103)","7005735149; 57193482124; 56962776600; 7003480638; 7103403830; 6701676103","Cortico-cortical connectivity of the somatosensory cortex of the agouti: Topographical organization and evolutionary implications","2025","Anatomical Record","308","9","","2450","2468","18","0","10.1002/ar.25610","https://www.scopus.com/inward/record.uri?eid=2-s2.0-85210917899&doi=10.1002%2far.25610&partnerID=40&md5=babf3450bd3cc055d44a1b12ef336176","Article","Final","All Open Access; Bronze Open Access","Scopus","2-s2.0-85210917899"
"Rêgo T.S.; Pires D.E.S.; Melo E.M.; Aristizabal J.-P.; Pereira A., Jr.","Rêgo, Tainá S. (57647208400); Pires, Diógenes E. S. (57643510600); Melo, Eline M. (57219903096); Aristizabal, Juan-Pablo (57219903327); Pereira, Antonio (56962776600)","57647208400; 57643510600; 57219903096; 57219903327; 56962776600","The association between trait anxiety and the fear of being laughed at in college: A preliminary study with a Brazilian sample","2022","Brain and Behavior","12","11","e2757","","","","1","10.1002/brb3.2757","https://www.scopus.com/inward/record.uri?eid=2-s2.0-85138955510&doi=10.1002%2fbrb3.2757&partnerID=40&md5=3031c4db30fab8e136e1f665133d66cd","Article","Final","All Open Access; Gold Open Access; Green Open Access","Scopus","2-s2.0-85138955510"
"Volchan E.; Pereira Júnior A.; Vargas C.D.; Rocha-Miranda C.E.","Volchan, E. (6701857606); Pereira Júnior, A. (56962776600); Vargas, C.D. (7101622666); Rocha-Miranda, C.E. (6701715687)","6701857606; 56962776600; 7101622666; 6701715687","The nucleus of the optic tract of the opossum.","1996","Revista brasileira de biologia","56 Su 1 Pt 2","","","373","380","7","3","","https://www.scopus.com/inward/record.uri?eid=2-s2.0-0030309292&partnerID=40&md5=318e24aa86adf82a85f58c1ff174fa52","Article","Final","","Scopus","2-s2.0-0030309292"
"de Sousa E.B.; Heymbeeck J.A.A.; Feitosa L.M.; Xavier A.G.O.; dos Santos Campos K.; do Socorro dos Santos Rodrigues L.; de Freitas L.M.; do Carmo Silva R.X.; Ikeda S.R.; de Nazaré dos Santos Silva S.; Rocha S.P.; do Nascimento W.L.; da Silva Moraes E.R.; Herculano A.M.; Maximino C.; Pereira A., Jr; Lima-Maximino M.","de Sousa, Eveline Bezerra (59012707200); Heymbeeck, João Alphonse Apóstolo (59012707300); Feitosa, Leonardo Miranda (57219198552); Xavier, Amanda Gabriele Oliveira (59011730100); dos Santos Campos, Kimberly (57204955300); do Socorro dos Santos Rodrigues, Lais (59165669300); de Freitas, Larissa Mota (59165688800); do Carmo Silva, Rhayra Xavier (57204146252); Ikeda, Saulo Rivera (57204949442); de Nazaré dos Santos Silva, Suellen (59165658100); Rocha, Sueslene Prado (57204949622); do Nascimento, Wilker Leite (59165678600); da Silva Moraes, Edinaldo Rogério (59165645300); Herculano, Anderson Manoel (8230111200); Maximino, Caio (24776595300); Pereira, Antonio (56962776600); Lima-Maximino, Monica (57222545460)","59012707200; 59012707300; 57219198552; 59011730100; 57204955300; 59165669300; 59165688800; 57204146252; 57204949442; 59165658100; 57204949622; 59165678600; 59165645300; 8230111200; 24776595300; 56962776600; 57222545460","Activation of NOS-cGMP pathways promotes stress-induced sensitization of behavioral responses in zebrafish","2024","Pharmacology Biochemistry and Behavior","243","","173816","","","","2","10.1016/j.pbb.2024.173816","https://www.scopus.com/inward/record.uri?eid=2-s2.0-85200596806&doi=10.1016%2fj.pbb.2024.173816&partnerID=40&md5=d28f41320c89219ca25fa83343c08ea2","Article","Final","All Open Access; Hybrid Gold Open Access","Scopus","2-s2.0-85200596806"
"Pereira P.S.; Silveira A.D.S.; Pereira A.","Pereira, Pedro Silveira (57220063129); Silveira, Antonio da Silva (37762216900); Pereira, Antonio (56962776600)","57220063129; 37762216900; 56962776600","Disinformation and Conspiracy Theories in the Age of COVID-19","2020","Frontiers in Sociology","5","","560681","","","","18","10.3389/fsoc.2020.560681","https://www.scopus.com/inward/record.uri?eid=2-s2.0-85096679352&doi=10.3389%2ffsoc.2020.560681&partnerID=40&md5=ee8c4685b9da3544c9ed3d5408523ad4","Article","Final","All Open Access; Gold Open Access; Green Open Access","Scopus","2-s2.0-85096679352"
"Pereira S.A.; Pereira Junior A.; Costa M.F.D.; Monteiro M.D.V.; Almeida V.A.D.; Fonseca Filho G.G.D.; Arrais N.; Simion F.","Pereira, Silvana A. (56105903000); Pereira Junior, Antônio (56962776600); Costa, Marcelo F. da (7402846596); Monteiro, Margareth de V. (57192988927); Almeida, Valéria A. de (57192981933); Fonseca Filho, Gentil G. da (57193055000); Arrais, Nívia (57192986264); Simion, Francesca (7006596462)","56105903000; 56962776600; 7402846596; 57192988927; 57192981933; 57193055000; 57192986264; 7006596462","A comparison between preterm and full-term infants’ preference for faces; [Uma comparação entre recém-nascidos prematuros e a termo na preferência por faces]","2017","Jornal de Pediatria","93","1","","35","39","4","20","10.1016/j.jped.2016.04.009","https://www.scopus.com/inward/record.uri?eid=2-s2.0-85009726382&doi=10.1016%2fj.jped.2016.04.009&partnerID=40&md5=30ca7371e90359269b7c7a11a2054dee","Article","Final","All Open Access; Gold Open Access; Green Open Access","Scopus","2-s2.0-85009726382"
"Gama J.; Neves B.C.; Pereira A., Jr.","Gama, Jessica (57221339913); Neves, Bianca Cruz (7007056906); Pereira, Antonio (56962776600)","57221339913; 7007056906; 56962776600","Developmental inequity and the impact of pesticide exposure on gut and brain health in developing nations – a Brazilian perspective","2025","Humanities and Social Sciences Communications","12","1","122","","","","1","10.1057/s41599-024-04229-1","https://www.scopus.com/inward/record.uri?eid=2-s2.0-85219717495&doi=10.1057%2fs41599-024-04229-1&partnerID=40&md5=ba723f4da5e4dd4e15d2226ce35ba1b4","Note","Final","All Open Access; Gold Open Access; Green Open Access","Scopus","2-s2.0-85219717495"
"de Oliveira Matos F.; Vido A.; Garcia W.F.; Lopes W.A.; Pereira A.","de Oliveira Matos, Felipe (57216133913); Vido, Amanda (57216126124); Garcia, William Fernando (54784327300); Lopes, Wendell Arthur (35321481900); Pereira, Antonio (56962776600)","57216133913; 57216126124; 54784327300; 35321481900; 56962776600","A Neurovisceral Integrative Study on Cognition, Heart Rate Variability, and Fitness in the Elderly","2020","Frontiers in Aging Neuroscience","12","","51","","","","20","10.3389/fnagi.2020.00051","https://www.scopus.com/inward/record.uri?eid=2-s2.0-85082598982&doi=10.3389%2ffnagi.2020.00051&partnerID=40&md5=bdbcfc69889f318cb5eee828d08b13ff","Article","Final","All Open Access; Gold Open Access; Green Open Access","Scopus","2-s2.0-85082598982"
"de Araujo Batista Carneiro H.; da Silva Franco A.E.; Lima B.K.A.; Pereira A.","de Araujo Batista Carneiro, Heloisa (60283869900); da Silva Franco, Ana Eni (60284924700); Lima, Bryan Kalel Araujo (60284325200); Pereira, Antonio (56962776600)","60283869900; 60284924700; 60284325200; 56962776600","A four-trial home-based food quantity discrimination task for companion dogs: Hierarchical Bayesian analysis and applied assessment","2026","Applied Animal Behaviour Science","297","","106904","","","","0","10.1016/j.applanim.2025.106904","https://www.scopus.com/inward/record.uri?eid=2-s2.0-105026688774&doi=10.1016%2fj.applanim.2025.106904&partnerID=40&md5=9c29fa7b3daee6c19cf8060b844bf0f5","Article","Final","","Scopus","2-s2.0-105026688774"
"Resque D.P.D.S.; de Moura Lobato A.M.; da Silva C.G.; da Cruz Filho D.A.; da Fonseca S.S.S.; de Oliveira Matos F.; Pereira A.","Resque, Deusa Priscila da Silva (58112191100); de Moura Lobato, Adriany Maria (58112428800); da Silva, Carolina Gomes (58113364300); da Cruz Filho, Daniel Alves (58113131500); da Fonseca, Susanne Suely Santos (58111735200); de Oliveira Matos, Felipe (57216133913); Pereira, Antonio (56962776600)","58112191100; 58112428800; 58113364300; 58113131500; 58111735200; 57216133913; 56962776600","The inhibition of mirror generalization of letters in school-aged children","2023","Frontiers in Psychology","14","","996012","","","","0","10.3389/fpsyg.2023.996012","https://www.scopus.com/inward/record.uri?eid=2-s2.0-85148641402&doi=10.3389%2ffpsyg.2023.996012&partnerID=40&md5=e37d71b443ecc092fdc75eac26c1cbde","Article","Final","All Open Access; Gold Open Access; Green Open Access","Scopus","2-s2.0-85148641402"
"Gama J.; Neves B.; Pereira A.","Gama, Jessica (57221339913); Neves, Bianca (7007056906); Pereira, Antonio (56962776600)","57221339913; 7007056906; 56962776600","Chronic Effects of Dietary Pesticides on the Gut Microbiome and Neurodevelopment","2022","Frontiers in Microbiology","13","","931440","","","","48","10.3389/fmicb.2022.931440","https://www.scopus.com/inward/record.uri?eid=2-s2.0-85134174704&doi=10.3389%2ffmicb.2022.931440&partnerID=40&md5=f09bc246c5bea6ef768eb37959e15864","Review","Final","All Open Access; Gold Open Access; Green Open Access","Scopus","2-s2.0-85134174704"
"Silveira A.; Pereira A., Jr.","Silveira, Antonio (37762216900); Pereira, Antonio (56962776600)","37762216900; 56962776600","Estimation and Monitoring of COVID-19's Transmissibility From Publicly Available Data","2020","Frontiers in Applied Mathematics and Statistics","6","","565336","","","","5","10.3389/fams.2020.565336","https://www.scopus.com/inward/record.uri?eid=2-s2.0-85096234221&doi=10.3389%2ffams.2020.565336&partnerID=40&md5=39f4fdaac69e6cd21d68451722dcc4b8","Article","Final","All Open Access; Gold Open Access; Green Open Access","Scopus","2-s2.0-85096234221"
"Silva L.; Dantas R.; Pantoja A.; Pereira A.","Silva, Lucas (57194044614); Dantas, Rummenigge (24823999700); Pantoja, André (36814370800); Pereira, Antônio (56962776600)","57194044614; 24823999700; 36814370800; 56962776600","Development of a low cost dataglove based on arduino for virtual reality applications","2013","2013 IEEE International Conference on Computational Intelligence and Virtual Environments for Measurement Systems and Applications, CIVEMSA 2013 - Proceedings","","","6617395","55","59","4","15","10.1109/CIVEMSA.2013.6617395","https://www.scopus.com/inward/record.uri?eid=2-s2.0-84886869489&doi=10.1109%2fCIVEMSA.2013.6617395&partnerID=40&md5=07d08d6fd9cd85a7ed8ad629478ebd50","Conference paper","Final","","Scopus","2-s2.0-84886869489"
"Cascaes R.; Pinheiro K.; Lameira K.; Mota M.P.; Sampaio Neto N.C.; Sarmanho R.; Pereira A.","Cascaes, Renata (57204691689); Pinheiro, Kelly (57204685222); Lameira, Kalill (57204688990); Mota, Marcelle Pereira (57190286998); Sampaio Neto, Nelson Cruz (57190942593); Sarmanho, Ricardo (57204696889); Pereira, Antônio (56962776600)","57204691689; 57204685222; 57204688990; 57190286998; 57190942593; 57204696889; 56962776600","Adaptation and automation of a cancellation test for evaluation of exploratory visual behavior","2018","ACM International Conference Proceeding Series","","","5","","","","4","10.1145/3274192.3274197","https://www.scopus.com/inward/record.uri?eid=2-s2.0-85056737708&doi=10.1145%2f3274192.3274197&partnerID=40&md5=c6c39378ebf356ff8d44616e0b073988","Conference paper","Final","","Scopus","2-s2.0-85056737708"
"Freire M.A.M.; Morya E.; Faber J.; Santos J.R.; Guimaraes J.S.; Lemos N.A.M.; Sameshima K.; Pereira A.; Ribeiro S.; Nicolelis M.A.L.","Freire, Marco Aurelio M. (57193482124); Morya, Edgard (6506185708); Faber, Jean (53163586200); Santos, Jose Ronaldo (54414901400); Guimaraes, Joanilson S. (8103722600); Lemos, Nelson A. M. (22135559700); Sameshima, Koichi (55161931800); Pereira, Antonio (56962776600); Ribeiro, Sidarta (7102629648); Nicolelis, Miguel A. L. (7005998604)","57193482124; 6506185708; 53163586200; 54414901400; 8103722600; 22135559700; 55161931800; 56962776600; 7102629648; 7005998604","Comprehensive analysis of tissue preservation and recording quality from chronic multielectrode implants","2011","PLoS ONE","6","11","e27554","","","","91","10.1371/journal.pone.0027554","https://www.scopus.com/inward/record.uri?eid=2-s2.0-80755168898&doi=10.1371%2fjournal.pone.0027554&partnerID=40&md5=3cdd5a0f682c6973da90abf46d94cd59","Article","Final","All Open Access; Gold Open Access; Green Open Access","Scopus","2-s2.0-80755168898"
"Anomal R.F.; Brandão D.S.; Porto S.B.; de Oliveira S.S.; de Souza R.F.L.; de Santana Fiel J.; Gomes B.D.; Pires I.A.H.; Pereira A.","Anomal, Renata Figueiredo (23479223900); Brandão, Daniel Soares (57222093354); Porto, Silvia Beltrame (57216776379); de Oliveira, Sóstenes Silva (57216776958); de Souza, Rafaela Faustino Lacerda (57216776966); de Santana Fiel, José (57216789934); Gomes, Bruno Duarte (15022279700); Pires, Izabel Augusta Hazin (36781980200); Pereira, Antonio (56962776600)","23479223900; 57222093354; 57216776379; 57216776958; 57216776966; 57216789934; 15022279700; 36781980200; 56962776600","The role of frontal and parietal cortex in the performance of gifted and average adolescents in a mental rotation task","2020","PLoS ONE","15","5","e0232660","","","","11","10.1371/journal.pone.0232660","https://www.scopus.com/inward/record.uri?eid=2-s2.0-85084626669&doi=10.1371%2fjournal.pone.0232660&partnerID=40&md5=5bca465cc6e709e975e8e68f13d01893","Article","Final","All Open Access; Gold Open Access; Green Open Access","Scopus","2-s2.0-85084626669"
"Cavalcanti H.G.; da Silva Nunes A.D.; da Cunha B.K.S.; de Freitas Alvarenga K.; Balen S.A.; Pereira A., Jr","Cavalcanti, Hannalice Gottschalck (55338266300); da Silva Nunes, Aryelly Dayane (57211343320); da Cunha, Brenda Karla Silva (57217373710); de Freitas Alvarenga, Kátia (8222013800); Balen, Sheila Andreoli (35486696800); Pereira, Antonio (56962776600)","55338266300; 57211343320; 57217373710; 8222013800; 35486696800; 56962776600","Early exposure to environment sounds and the development of cortical auditory evoked potentials of preterm infants during the first 3 months of life","2020","BMC research notes","13","1","","303","","","9","10.1186/s13104-020-05129-8","https://www.scopus.com/inward/record.uri?eid=2-s2.0-85087138772&doi=10.1186%2fs13104-020-05129-8&partnerID=40&md5=ca736d7847f3714f27523f0c23e7f58f","Article","Final","All Open Access; Gold Open Access; Green Open Access","Scopus","2-s2.0-85087138772"
"de Sousa E.B.; Silva V.F.; da Silva A.B.A.; Vieira L.S.; Matos M.F.; de Souza Saraiva B.H.; Lima-Maximino M.; Maximino C.; Pereira A., Jr.","de Sousa, Eveline Bezerra (59012707200); Silva, Vanessa Feitosa (59163125200); da Silva, Amanda Beatriz Adriano (59163807400); Vieira, Letícia Sousa (59163575900); Matos, Matheus Ferreira (59162667000); de Souza Saraiva, Bárbara Heloísa (59164039600); Lima-Maximino, Monica (57222545460); Maximino, Caio (24776595300); Pereira, Antonio (56962776600)","59012707200; 59163125200; 59163807400; 59163575900; 59162667000; 59164039600; 57222545460; 24776595300; 56962776600","Soil-Transmitted Helminthiases Negatively Impact Cognitive Development in Children: Wechsler Intelligence Scale for Children Domains","2024","Psychology and Neuroscience","17","2","","122","130","8","0","10.1037/pne0000328","https://www.scopus.com/inward/record.uri?eid=2-s2.0-85195427396&doi=10.1037%2fpne0000328&partnerID=40&md5=faf3c1ed3c74b8707b0f9fe8f772695c","Article","Final","","Scopus","2-s2.0-85195427396"
"da Rocha E.G.; Freire M.A.M.; Bahia C.P.; Pereira A.; Sosthenes M.C.K.; Silveira L.C.L.; Elston G.N.; Picanço-Diniz C.W.","da Rocha, E.G. (55224690100); Freire, M.A.M. (57193482124); Bahia, C.P. (6505851168); Pereira, A. (56962776600); Sosthenes, M.C.K. (55224737400); Silveira, L.C.L. (35577484500); Elston, G.N. (7004202444); Picanço-Diniz, C.W. (6701676103)","55224690100; 57193482124; 6505851168; 56962776600; 55224737400; 35577484500; 7004202444; 6701676103","Dendritic structure varies as a function of eccentricity in V1: A quantitative study of NADPH diaphorase neurons in the diurnal South American rodent agouti, Dasyprocta prymnolopha","2012","Neuroscience","216","","","94","102","8","11","10.1016/j.neuroscience.2012.04.042","https://www.scopus.com/inward/record.uri?eid=2-s2.0-84862024875&doi=10.1016%2fj.neuroscience.2012.04.042&partnerID=40&md5=572baecc6eb65d7c8a7fff2c81a0d75c","Article","Final","All Open Access; Green Open Access","Scopus","2-s2.0-84862024875"
"Guimarães J.S.; Freire M.A.M.; Lima R.R.; Picanço-Diniz C.W.; Pereira A.; Gomes-Leal W.","Guimarães, Joanilson S. (8103722600); Freire, Marco Aurelio M. (57193482124); Lima, Rafael R. (23493064500); Picanço-Diniz, Cristovam W. (6701676103); Pereira, Antonio (56962776600); Gomes-Leal, Walace (8760628300)","8103722600; 57193482124; 23493064500; 6701676103; 56962776600; 8760628300","Minocycline treatment reduces white matter damage after excitotoxic striatal injury","2010","Brain Research","1329","","","182","193","11","37","10.1016/j.brainres.2010.03.007","https://www.scopus.com/inward/record.uri?eid=2-s2.0-77950858470&doi=10.1016%2fj.brainres.2010.03.007&partnerID=40&md5=7744b20a1fd9a631fbd0ad65c4fe4df9","Article","Final","All Open Access; Green Open Access","Scopus","2-s2.0-77950858470"
"Freire M.A.M.; Guimarães J.S.; Leal W.G.; Pereira A.","Freire, Marco Aurélio M. (57193482124); Guimarães, Joanilson S. (8103722600); Leal, Walace Gomes (8760628300); Pereira, Antonio (56962776600)","57193482124; 8103722600; 8760628300; 56962776600","Pain modulation by nitric oxide in the spinal cord","2009","Frontiers in Neuroscience","3","SEP","2","","","","104","10.3389/neuro.01.024.2009","https://www.scopus.com/inward/record.uri?eid=2-s2.0-84892657037&doi=10.3389%2fneuro.01.024.2009&partnerID=40&md5=ab05e9ead5738d53a0d41c59a7712490","Review","Final","All Open Access; Gold Open Access; Green Open Access","Scopus","2-s2.0-84892657037"
"Rangel M.L.; Guimaraes-Silva S.; Marques A.L.; Riggio L.; Pereira A.; Lameira A.P.; Gawryszewski L.G.","Rangel, Maria Luiza (56763584200); Guimaraes-Silva, Sabrina (6504243653); Marques, Andrea Laudares (36981961500); Riggio, Lucia (6701848520); Pereira, Antonio (56962776600); Lameira, Allan Pablo (16039732800); Gawryszewski, Luiz G. (6602639311)","56763584200; 6504243653; 36981961500; 6701848520; 56962776600; 16039732800; 6602639311","Left-right judgment of haptic stimuli representing the human hand","2010","Psychology and Neuroscience","3","2","","","","","3","10.3922/j.psns.2010.2.xxx","https://www.scopus.com/inward/record.uri?eid=2-s2.0-78651454751&doi=10.3922%2fj.psns.2010.2.xxx&partnerID=40&md5=e8edccd4c35ba5467d4ca44279b70c70","Article","Final","","Scopus","2-s2.0-78651454751"
"Ferreira S.C.; Chaves R.O.; Seruffo M.C.R.; Pereira A.; Azar A.P.D.S.; Dias Â.V.; Santos A.A.S.; Brito M.V.H.","Ferreira, Sanmari Costa (57195676309); Chaves, Rafael Oliveira (56452583100); Seruffo, Marcos César da Rocha (23006319400); Pereira, Antônio (56962776600); Azar, Anderson Phelipe Dias Sabry (57219350163); Dias, Ângela Vilhena (7202192087); Santos, Alex de Assis Santos dos (56579580200); Brito, Marcus Vinicius Henriques (7103089050)","57195676309; 56452583100; 23006319400; 56962776600; 57219350163; 7202192087; 56579580200; 7103089050","Empirical Evaluation of a 3D Virtual Simulator of Hysteroscopy Using Leap Motion for Gestural Interfacing","2020","Journal of Medical Systems","44","11","198","","","","7","10.1007/s10916-020-01662-y","https://www.scopus.com/inward/record.uri?eid=2-s2.0-85092386471&doi=10.1007%2fs10916-020-01662-y&partnerID=40&md5=34860cb86153b78d8fdb5b2537b9e880","Article","Final","","Scopus","2-s2.0-85092386471"
"Santiago L.F.; Freire M.A.M.; Picanço-Diniz C.W.; Franca J.G.; Pereira A.","Santiago, Lucidia F. (15623838900); Freire, Marco Aurelio M. (57193482124); Picanço-Diniz, Cristovam W. (6701676103); Franca, João G. (7005735149); Pereira, Antonio (56962776600)","15623838900; 57193482124; 6701676103; 7005735149; 56962776600","The organization and connections of second somatosensory cortex in the agouti","2019","Frontiers in Neuroanatomy","12","","118","","","","7","10.3389/fnana.2018.00118","https://www.scopus.com/inward/record.uri?eid=2-s2.0-85062175063&doi=10.3389%2ffnana.2018.00118&partnerID=40&md5=b991a047765acf1dbfb0be02a8c38edd","Article","Final","All Open Access; Gold Open Access; Green Open Access","Scopus","2-s2.0-85062175063"
"Heymbeeck J.A.A.; de Sousa E.B.; Lima-Maximino M.; Pereira A., Jr.; Maximino C.","Heymbeeck, João Alphonse Apóstolo (59012707300); de Sousa, Eveline Bezerra (59012707200); Lima-Maximino, Monica (57222545460); Pereira, Antonio (56962776600); Maximino, Caio (24776595300)","59012707300; 59012707200; 57222545460; 56962776600; 24776595300","Nitrergic Signaling Mediation of Neurobehavioral Responses to Stress in Zebrafish","2025","Journal of Neurochemistry","169","10","e70254","","","","0","10.1111/jnc.70254","https://www.scopus.com/inward/record.uri?eid=2-s2.0-105017832411&doi=10.1111%2fjnc.70254&partnerID=40&md5=6b8ea2e80e574a82104bff6cb525e9f0","Review","Final","All Open Access; Green Open Access; Hybrid Gold Open Access","Scopus","2-s2.0-105017832411"
"Pereira A.; Ribeiro S.; Wiest M.; Moore L.C.; Pantoja J.; Lin S.-C.; Nicolelis M.A.L.","Pereira, Antonio (56962776600); Ribeiro, Sidarta (7102629648); Wiest, Michael (6603618774); Moore, Leonardo C. (23028371500); Pantoja, Janaina (8737437700); Lin, Shih-Chieh (55741904400); Nicolelis, Miguel A. L. (7005998604)","56962776600; 7102629648; 6603618774; 23028371500; 8737437700; 55741904400; 7005998604","Processing of tactile information by the hippocampus","2007","Proceedings of the National Academy of Sciences of the United States of America","104","46","","18286","18291","5","88","10.1073/pnas.0708611104","https://www.scopus.com/inward/record.uri?eid=2-s2.0-36749074501&doi=10.1073%2fpnas.0708611104&partnerID=40&md5=8d6949e43d0c34d741061b4da525b3fe","Article","Final","All Open Access; Green Open Access","Scopus","2-s2.0-36749074501"
"Rocha E.G.; Santiago L.F.; Freire M.A.M.; Gomes-Leal W.; Dias I.A.; Lent R.; Houzel J.C.; Franca J.G.; Pereira Jr. A.; Picanço-Diniz C.W.","Rocha, E.G. (15623652100); Santiago, L.F. (15623838900); Freire, M.A.M. (57193482124); Gomes-Leal, W. (8760628300); Dias, I.A. (15623184500); Lent, R. (55245100400); Houzel, J.C. (6508375191); Franca, J.G. (7005735149); Pereira Jr., A. (56962776600); Picanço-Diniz, Cristovam Wanderley (6701676103)","15623652100; 15623838900; 57193482124; 8760628300; 15623184500; 55245100400; 6508375191; 7005735149; 56962776600; 6701676103","Callosal axon arbors in the limb representations of the somatosensory cortex (SI) in the agouti (Dasyprocta primnolopha)","2007","Journal of Comparative Neurology","500","2","","255","266","11","26","10.1002/cne.21167","https://www.scopus.com/inward/record.uri?eid=2-s2.0-33845596031&doi=10.1002%2fcne.21167&partnerID=40&md5=1fd13c7ec85af4648f3f6f6c1ec1225e","Article","Final","","Scopus","2-s2.0-33845596031"
"Gawryszewski L.G.; Silva-dos-Santos C.F.; Santos-Silva J.C.; Lameira A.P.; Pereira A., Jr.","Gawryszewski, L.G. (6602639311); Silva-dos-Santos, C.F. (16040320200); Santos-Silva, J.C. (57032239100); Lameira, A.P. (16039732800); Pereira, A. (56962776600)","6602639311; 16040320200; 57032239100; 16039732800; 56962776600","Mental rotation of anthropoid hands: A chronometric study","2007","Brazilian Journal of Medical and Biological Research","40","3","","377","381","4","9","10.1590/S0100-879X2007000300013","https://www.scopus.com/inward/record.uri?eid=2-s2.0-33947189003&doi=10.1590%2fS0100-879X2007000300013&partnerID=40&md5=8da77473a566a2bc0a2786b1f72b3eaf","Article","Final","All Open Access; Gold Open Access; Green Open Access","Scopus","2-s2.0-33947189003"
"Dutra B.; Silveira A.; Pereira A.","Dutra, Bruno (57211992893); Silveira, Antonio (37762216900); Pereira, Antonio (56962776600)","57211992893; 37762216900; 56962776600","Grasping force estimation using state-space model and Kalman Filter","2021","Biomedical Signal Processing and Control","70","","103036","","","","17","10.1016/j.bspc.2021.103036","https://www.scopus.com/inward/record.uri?eid=2-s2.0-85112483438&doi=10.1016%2fj.bspc.2021.103036&partnerID=40&md5=029f333ce86167238bc0d05641f94a14","Review","Final","All Open Access; Green Open Access","Scopus","2-s2.0-85112483438"
"Bahia C.P.; Houzel J.-C.; Picanço-Diniz C.W.; Pereira Jr. A.","Bahia, Carlomagno Pacheco (6505851168); Houzel, Jean-Christophe (6508375191); Picanço-Diniz, Cristovam Wanderley (6701676103); Pereira Jr., Antonio (56962776600)","6505851168; 6508375191; 6701676103; 56962776600","Spatiotemporal distribution of proteoglycans in the developing rat's barrel field and the effects of early deafferentation","2008","Journal of Comparative Neurology","510","2","","145","157","12","12","10.1002/cne.21781","https://www.scopus.com/inward/record.uri?eid=2-s2.0-50249161974&doi=10.1002%2fcne.21781&partnerID=40&md5=c8fbdaaa402758caab627c5e61f05968","Article","Final","","Scopus","2-s2.0-50249161974"
