,"Author: Picanço Diniz, C. W.",,,,,,,,,,,,,,,,,,,,,,,,,,,,,,,,,,
,,,,,,,,,,,,,,,,,,,,,,,,,,,,,,,,,,,
,"h-index = 26 (Of the 122 documents considered for the h-index, 26 have been cited at least 26 times.)",,,,,,,,,,,,,,,,,,,,,,,,,,,,,,,,,,
,,,,,,,,,,,,,,,,,,,,,,,,,,,,,,,,,,,
,,,,,,,,,,,,,,,,,,,,,,,,,,,,,,,,,,,
,,,,,,<2001,2001,2002,2003,2004,2005,2006,2007,2008,2009,2010,2011,2012,2013,2014,2015,2016,2017,2018,2019,2020,2021,2022,2023,2024,2025,2026,Subtotal,>2026,Total
Publication Year,Document Title,ISSN,Journal Title,Volume,Issue,163,15,13,12,32,47,54,72,70,64,74,67,120,78,114,90,119,103,93,123,103,162,162,139,150,130,76,2282,0,2445
2025,"Impact of masticatory activity and rehabilitation on astrocyte morphology across the molecular layer of the dentate gyrus: Insights from the outer, medial, and inner sublayers and their relationship with spatial learning and memory",09409602,"Annals of Anatomy","258","",0,0,0,0,0,0,0,0,0,0,0,0,0,0,0,0,0,0,0,0,0,0,0,0,0,0,1,1,0,1
2025,"Intriguing astrocyte responses in CA1 to reduced and rehabilitated masticatory function: Dorsal and ventral distinct perspectives in adult mice",00039969,"Archives of Oral Biology","169","",0,0,0,0,0,0,0,0,0,0,0,0,0,0,0,0,0,0,0,0,0,0,0,0,0,1,2,3,0,3
2024,"The Hidden Dangers of Sedentary Living: Insights into Molecular, Cellular, and Systemic Mechanisms",14220067,"International Journal of Molecular Sciences","25","19",0,0,0,0,0,0,0,0,0,0,0,0,0,0,0,0,0,0,0,0,0,0,0,0,0,5,4,9,0,9
2024,"Contrasting Disease Progression, Microglia Reactivity, Tolerance, and Resistance to Toxoplasma gondii Infection in Two Mouse Strains",22279059,"Biomedicines","12","7",0,0,0,0,0,0,0,0,0,0,0,0,0,0,0,0,0,0,0,0,0,0,0,0,0,2,0,2,0,2
2024,"Unraveling the Influence of Litter Size, Maternal Care, Exercise, and Aging on Neurobehavioral Plasticity and Dentate Gyrus Microglia Dynamics in Male Rats",20763425,"Brain Sciences","14","5",0,0,0,0,0,0,0,0,0,0,0,0,0,0,0,0,0,0,0,0,0,0,0,0,0,1,1,2,0,2
2024,"Organization of Somatosensory Cortex in the South American Rodent Paca (Cuniculus paca)",00068977,"Brain, Behavior and Evolution","98","6",0,0,0,0,0,0,0,0,0,0,0,0,0,0,0,0,0,0,0,0,0,0,0,0,0,1,0,1,0,1
2024,"Unexpected cognitive similarities between older adults and young people: Scores variability and cognitive performances",01674943,"Archives of Gerontology and Geriatrics","117","",0,0,0,0,0,0,0,0,0,0,0,0,0,0,0,0,0,0,0,0,0,0,0,0,2,1,0,3,0,3
2023,"Risk Polymorphisms of FNDC5, BDNF, and NTRK2 and Poor Education Interact and Aggravate Age-Related Cognitive Decline",14220067,"International Journal of Molecular Sciences","24","24",0,0,0,0,0,0,0,0,0,0,0,0,0,0,0,0,0,0,0,0,0,0,0,0,1,1,2,4,0,4
2023,"Genes, inflammatory response, tolerance, and resistance to virus infections in migratory birds, bats, and rodents",16643224,"Frontiers in Immunology","14","",0,0,0,0,0,0,0,0,0,0,0,0,0,0,0,0,0,0,0,0,0,0,0,1,5,2,1,9,0,9
2022,"Pilates and Cognitive Stimulation in Dual Task an Intervention Protocol to Improve Functional Abilities and Minimize the Rate of Age-Related Cognitive Decline in Postmenopausal Women",16604601,"International Journal of Environmental Research and Public Health","19","20",0,0,0,0,0,0,0,0,0,0,0,0,0,0,0,0,0,0,0,0,0,0,0,1,0,2,1,4,0,4
2022,"The Sedentary Lifestyle and Masticatory Dysfunction: Time to Review the Contribution to Age-Associated Cognitive Decline and Astrocyte Morphotypes in the Dentate Gyrus",14220067,"International Journal of Molecular Sciences","23","11",0,0,0,0,0,0,0,0,0,0,0,0,0,0,0,0,0,0,0,0,0,0,0,1,2,4,0,7,0,7
2022,"Behavioral and Neuropathological Changes After Toxoplasma gondii Ocular Conjunctival Infection in BALB/c Mice",22352988,"Frontiers in Cellular and Infection Microbiology","12","",0,0,0,0,0,0,0,0,0,0,0,0,0,0,0,0,0,0,0,0,0,0,0,2,2,1,1,6,0,6
2022,"Plasticity in the hippocampal formation of shorebirds during the wintering period: Stereological analysis of parvalbumin neurons in Actitis macularius",15434494,"Learning and Behavior","50","1",0,0,0,0,0,0,0,0,0,0,0,0,0,0,0,0,0,0,0,0,0,0,1,1,0,0,0,2,0,2
2022,"Shorebirds’ Longer Migratory Distances Are Associated With Larger ADCYAP1 Microsatellites and Greater Morphological Complexity of Hippocampal Astrocytes",16641078,"Frontiers in Psychology","12","",0,0,0,0,0,0,0,0,0,0,0,0,0,0,0,0,0,0,0,0,0,0,0,4,2,0,2,8,0,8
2021,"Unwanted Exacerbation of the Immune Response in Neurodegenerative Disease: A Time to Review the Impact",16625102,"Frontiers in Cellular Neuroscience","15","",0,0,0,0,0,0,0,0,0,0,0,0,0,0,0,0,0,0,0,0,0,0,0,1,5,1,0,7,0,7
2021,"Contrasting migratory journeys and changes in hippocampal astrocyte morphology in shorebirds",0953816X,"European Journal of Neuroscience","54","5",0,0,0,0,0,0,0,0,0,0,0,0,0,0,0,0,0,0,0,0,0,2,4,1,1,1,0,9,0,9
2021,"Microglial metamorphosis in three dimensions in virus limbic encephalitis: An unbiased pictorial representation based on a stereological sampling approach of surveillant and reactive microglia",20763425,"Brain Sciences","11","8",0,0,0,0,0,0,0,0,0,0,0,0,0,0,0,0,0,0,0,0,0,0,0,1,2,0,1,4,0,4
2021,"Microglial Morphology Across Distantly Related Species: Phylogenetic, Environmental and Age Influences on Microglia Reactivity and Surveillance States",16643224,"Frontiers in Immunology","12","",0,0,0,0,0,0,0,0,0,0,0,0,0,0,0,0,0,0,0,0,0,3,1,5,3,5,1,18,0,18
2021,"Sedentary Life and Reduced Mastication Impair Spatial Learning and Memory and Differentially Affect Dentate Gyrus Astrocyte Subtypes in the Aged Mice",16624548,"Frontiers in Neuroscience","15","",0,0,0,0,0,0,0,0,0,0,0,0,0,0,0,0,0,0,0,0,0,0,2,2,2,2,2,10,0,10
2021,"Dual-Task Exercise to Improve Cognition and Functional Capacity of Healthy Older Adults",16634365,"Frontiers in Aging Neuroscience","13","",0,0,0,0,0,0,0,0,0,0,0,0,0,0,0,0,0,0,0,0,0,4,13,9,15,22,12,75,0,75
2021,"BALB/c female subjected to valproic acid during gestational period exhibited greater microglial and behavioral changes than male mice: A significant contra intuitive result",07365748,"International Journal of Developmental Neuroscience","81","1",0,0,0,0,0,0,0,0,0,0,0,0,0,0,0,0,0,0,0,0,0,1,3,0,2,0,1,7,0,7
2021,"Limbic encephalitis brain damage induced by cocal virus in adult mice is reduced by environmental enrichment: Neuropathological and behavioral studies",19994915,"Viruses","13","1",0,0,0,0,0,0,0,0,0,0,0,0,0,0,0,0,0,0,0,0,0,2,0,0,0,1,1,4,0,4
2021,"Lateral septum microglial changes and behavioral abnormalities of mice exposed to valproic acid during the prenatal period",08910618,"Journal of Chemical Neuroanatomy","111","",0,0,0,0,0,0,0,0,0,0,0,0,0,0,0,0,0,0,0,0,0,0,2,0,1,0,1,4,0,4
2020,"Long-term environmental enrichment reduces microglia morphological diversity of the molecular layer of dentate gyrus",0953816X,"European Journal of Neuroscience","52","9",0,0,0,0,0,0,0,0,0,0,0,0,0,0,0,0,0,0,0,0,0,6,4,2,3,2,3,20,0,20
2020,"Changes in hippocampal astrocyte morphology of Ruddy turnstone (Arenaria interpres) during the wintering period at the mangroves of Amazon River estuary",08910618,"Journal of Chemical Neuroanatomy","108","",0,0,0,0,0,0,0,0,0,0,0,0,0,0,0,0,0,0,0,0,0,0,2,0,0,0,0,2,0,2
2020,"Environmental enrichment increases the number of telencephalic but not tectal cells of angelfish (Pterophyllum scalare): an exploratory investigation using optical fractionator",03781909,"Environmental Biology of Fishes","103","7",0,0,0,0,0,0,0,0,0,0,0,0,0,0,0,0,0,0,0,0,0,1,1,2,1,0,0,5,0,5
2020,"Environmental Enrichment Improved Learning and Memory, Increased Telencephalic Cell Proliferation, and Induced Differential Gene Expression in Colossoma macropomum",16639812,"Frontiers in Pharmacology","11","",0,0,0,0,0,0,0,0,0,0,0,0,0,0,0,0,0,0,0,0,0,1,2,5,3,1,2,14,0,14
2020,"Early and late neuropathological features of meningoencephalitis associated with maraba virus infection",0100879X,"Brazilian Journal of Medical and Biological Research","53","4",0,0,0,0,0,0,0,0,0,0,0,0,0,0,0,0,0,0,0,0,0,0,0,1,0,2,0,3,0,3
2019,"Differential Change in Hippocampal Radial Astrocytes and Neurogenesis in Shorebirds With Contrasting Migratory Routes",16625129,"Frontiers in Neuroanatomy","13","",0,0,0,0,0,0,0,0,0,0,0,0,0,0,0,0,0,0,0,0,2,1,3,1,1,0,0,8,0,8
2019,"Stereological analysis of early gene expression using Egr-1 immunolabeling after spreading depression in the rat somatosensory cortex",16624548,"Frontiers in Neuroscience","13","SEP",0,0,0,0,0,0,0,0,0,0,0,0,0,0,0,0,0,0,0,0,0,2,2,3,0,1,1,9,0,9
2019,"Differential Microglial Morphological Response, TNFα, and Viral Load in Sedentary-like and Active Murine Models After Systemic Non-neurotropic Dengue Virus Infection",00221554,"Journal of Histochemistry and Cytochemistry","67","6",0,0,0,0,0,0,0,0,0,0,0,0,0,0,0,0,0,0,0,1,1,4,4,2,0,1,0,13,0,13
2019,"The organization and connections of second somatosensory cortex in the agouti",16625129,"Frontiers in Neuroanatomy","12","",0,0,0,0,0,0,0,0,0,0,0,0,0,0,0,0,0,0,0,0,1,1,1,1,2,1,0,7,0,7
2019,"Environmental impoverishment, aging, and reduction in mastication affect mouse innate repertoire to explore novel environments and to assess risk",16624548,"Frontiers in Neuroscience","13","",0,0,0,0,0,0,0,0,0,0,0,0,0,0,0,0,0,0,0,1,0,1,3,2,0,3,0,10,0,10
2019,"Small-scale environmental enrichment and exercise enhance learning and spatial memory of Carassius auratus, and increase cell proliferation in the telencephalon: An exploratory study",0100879X,"Brazilian Journal of Medical and Biological Research","52","5",0,0,0,0,0,0,0,0,0,0,0,0,0,0,0,0,0,0,0,0,4,2,0,2,5,3,0,16,0,16
2019,"Water-based exercise and resistance training improve cognition in older adults",15178692,"Revista Brasileira de Medicina do Esporte","25","1",0,0,0,0,0,0,0,0,0,0,0,0,0,0,0,0,0,0,0,0,1,2,1,1,1,1,0,7,0,7
2018,"The subtleties of cognitive decline in multiple sclerosis: an exploratory study using hierarchichal cluster analysis of CANTAB results",14712377,"BMC neurology","18","1",0,0,0,0,0,0,0,0,0,0,0,0,0,0,0,0,0,0,0,1,1,3,0,2,2,4,2,15,0,15
2018,"Granulocyte macrophage colony-stimulating factor alone reduces Toxoplasma gondii replication in microglial culture by superoxide and nitric oxide, without IFN-γ production: a preliminary report",12864579,"Microbes and Infection","20","6",0,0,0,0,0,0,0,0,0,0,0,0,0,0,0,0,0,0,0,0,2,3,2,0,0,0,1,8,0,8
2018,"Hippocampal astrocytes in migrating and wintering semipalmated Sandpiper calidris pusilla",16625129,"Frontiers in Neuroanatomy","11","",0,0,0,0,0,0,0,0,0,0,0,0,0,0,0,0,0,0,0,2,2,2,3,5,2,3,1,20,0,20
2017,"Hippocampal neurogenesis and volume in migrating and wintering semipalmated sandpipers (Calidris pusilla)",19326203,"PLoS ONE","12","6",0,0,0,0,0,0,0,0,0,0,0,0,0,0,0,0,0,1,1,2,1,1,5,2,1,0,0,14,0,14
2017,"Influence of schooling and age on cognitive performance in healthy older adults",0100879X,"Brazilian Journal of Medical and Biological Research","50","4",0,0,0,0,0,0,0,0,0,0,0,0,0,0,0,0,0,0,1,7,3,8,8,7,6,4,4,48,0,48
2017,"Age and Environment Influences on Mouse Prion Disease Progression: Behavioral Changes and Morphometry and Stereology of Hippocampal Astrocytes",19420900,"Oxidative Medicine and Cellular Longevity","2017","",0,0,0,0,0,0,0,0,0,0,0,0,0,0,0,0,0,0,0,1,1,2,2,1,0,0,1,8,0,8
2016,"Age, environment, object recognition and morphological diversity of GFAP-immunolabeled astrocytes",17449081,"Behavioral and Brain Functions","12","1",0,0,0,0,0,0,0,0,0,0,0,0,0,0,0,0,0,4,4,3,7,7,2,9,4,8,2,50,0,50
2016,"Hierarchical cluster analysis of three-dimensional reconstructions of unbiased sampled microglia shows not continuous morphological changes from stage 1 to 2 after multiple dengue infections in Callithrix penicillata",16625129,"Frontiers in Neuroanatomy","10","MAR",0,0,0,0,0,0,0,0,0,0,0,0,0,0,0,0,0,2,0,1,1,2,0,0,1,0,1,8,0,8
2016,"Antibody-enhanced dengue disease generates a marked CNS inflammatory response in the black-tufted marmoset Callithrix penicillata",09196544,"Neuropathology","36","1",0,0,0,0,0,0,0,0,0,0,0,0,0,0,0,0,1,1,1,3,1,2,0,0,0,0,0,9,0,9
2016,"Virus infections on prion diseased mice exacerbate inflammatory microglial response",19420900,"Oxidative Medicine and Cellular Longevity","2016","",0,0,0,0,0,0,0,0,0,0,0,0,0,0,0,0,0,2,1,0,1,2,2,0,0,0,0,8,0,8
2016,"Microglia and neurons in the hippocampus of migratory sandpipers",0100879X,"Brazilian Journal of Medical and Biological Research","49","1",0,0,0,0,0,0,0,0,0,0,0,0,0,0,0,0,1,3,3,2,2,3,2,0,0,1,0,17,0,17
2015,"Beneficial effects of multisensory and cognitive stimulation in institutionalized elderly: 12-months follow-up",11769092,"Clinical Interventions in Aging","10","",0,0,0,0,0,0,0,0,0,0,0,0,0,0,0,0,1,3,2,3,4,3,2,1,2,1,1,23,0,23
2015,"Three-dimensional morphometric analysis of microglial changes in a mouse model of virus encephalitis: Age and environmental influences",0953816X,"European Journal of Neuroscience","42","4",0,0,0,0,0,0,0,0,0,0,0,0,0,0,0,0,3,2,0,3,1,6,2,1,4,1,1,24,0,24
2014,"CANTAB object recognition and language tests to detect aging cognitive decline: An exploratory comparative study",11769092,"Clinical Interventions in Aging","10","",0,0,0,0,0,0,0,0,0,0,0,0,0,0,0,4,5,2,4,5,7,5,5,7,7,4,4,59,0,59
2014,"Visuospatial learning and memory in the Cebus apella and microglial morphology in the molecular layer of the dentate gyrus and CA1 lacunosum molecular layer",08910618,"Journal of Chemical Neuroanatomy","61","",0,0,0,0,0,0,0,0,0,0,0,0,0,0,0,1,2,2,0,6,1,2,2,0,1,1,0,18,0,18
2014,"Topography and architecture of visual and somatosensory areas of the agouti",00219967,"Journal of Comparative Neurology","522","11",0,0,0,0,0,0,0,0,0,0,0,0,0,0,0,2,2,0,0,2,2,3,0,1,1,0,0,13,0,13
2014,"Beneficial effects of multisensory and cognitive stimulation on age-related cognitive decline in long-term-care institutions",11769092,"Clinical Interventions in Aging","9","",0,0,0,0,0,0,0,0,0,0,0,0,0,0,1,4,4,7,2,3,6,6,4,3,7,5,5,57,0,57
2014,"In vitro cytokines profile and ultrastructural changes of microglia and macrophages following interaction with Leishmania",00311820,"Parasitology","141","8",0,0,0,0,0,0,0,0,0,0,0,0,0,0,0,2,2,1,1,1,1,0,0,1,0,2,0,11,0,11
2013,"Enriched environment and masticatory activity rehabilitation recover spatial memory decline in aged mice",14712202,"BMC Neuroscience","14","",0,0,0,0,0,0,0,0,0,0,0,0,0,1,0,1,2,1,1,4,2,2,5,3,4,0,0,26,0,26
2013,"Litter size, age-related memory impairments, and microglial changes in rat dentate gyrus: Stereological analysis and three dimensional morphometry",03064522,"Neuroscience","238","",0,0,0,0,0,0,0,0,0,0,0,0,0,2,1,1,3,1,2,3,0,0,2,2,3,0,1,21,0,21
2013,"Aging and environmental enrichment exacerbate inflammatory response on antibody-enhanced dengue disease in immunocompetent murine model",1721727X,"European Journal of Inflammation","11","3",0,0,0,0,0,0,0,0,0,0,0,0,0,0,0,0,3,0,0,1,0,1,1,0,0,0,0,6,0,6
2012,"Environmental influences on antibody-enhanced dengue disease outcomes",00740276,"Memorias do Instituto Oswaldo Cruz","107","8",0,0,0,0,0,0,0,0,0,0,0,0,0,1,1,0,2,0,0,1,0,1,0,0,0,0,0,6,0,6
2012,"Aging, environmental enrichment, object recognition and astrocyte plasticity in dentate gyrus",,"Astrocytes: Structure, Functions and Role in Disease","","",0,0,0,0,0,0,0,0,0,0,0,0,0,0,0,0,1,0,1,1,0,1,0,0,0,0,0,4,0,4
2012,"Differential vulnerability of substantia nigra and corpus striatum to oxidative insult induced by reduced dietary levels of essential fatty acids",16625161,"Frontiers in Human Neuroscience","","AUGUST",0,0,0,0,0,0,0,0,0,0,0,0,0,0,6,4,3,1,4,1,1,1,0,1,1,0,0,23,0,23
2012,"Dendritic structure varies as a function of eccentricity in V1: A quantitative study of NADPH diaphorase neurons in the diurnal South American rodent agouti, Dasyprocta prymnolopha",03064522,"Neuroscience","216","",0,0,0,0,0,0,0,0,0,0,0,0,1,1,2,1,1,0,1,1,1,0,0,0,1,1,0,11,0,11
2012,"Dopaminergic cell populations of the rat substantia nigra are differentially affected by essential fatty acid dietary restriction over two generations",08910618,"Journal of Chemical Neuroanatomy","44","2",0,0,0,0,0,0,0,0,0,0,0,0,1,1,3,2,2,1,2,0,1,1,1,0,0,0,0,15,0,15
2012,"Morphometric variability of nicotinamide adenine dinucleotide phosphate diaphorase neurons in the primary sensory areas of the rat",03064522,"Neuroscience","205","",0,0,0,0,0,0,0,0,0,0,0,0,4,1,2,1,1,1,0,2,3,1,6,3,1,0,0,26,0,26
2012,"Spatial memory decline after masticatory deprivation and aging is associated with altered laminar distribution of CA1 astrocytes",14712202,"BMC Neuroscience","13","1",0,0,0,0,0,0,0,0,0,0,0,0,1,1,2,0,1,2,4,2,2,3,2,6,1,2,0,29,0,29
2011,"Influence of enriched environment on viral encephalitis outcomes: Behavioral and neuropathological changes in albino Swiss mice",19326203,"PLoS ONE","6","1",0,0,0,0,0,0,0,0,0,0,0,1,3,2,3,4,3,1,3,5,2,5,2,1,0,0,4,39,0,39
2011,"Early behavioral changes and quantitative analysis of neuropathological features in murine prion disease: Stereological analysis in the albino Swiss mice model",19336896,"Prion","5","3",0,0,0,0,0,0,0,0,0,0,0,0,1,0,0,0,1,1,2,0,0,2,0,0,1,1,0,9,0,9
2011,"Enriched environment contributes to recovery of visual acuity and increases perineuronal nets in monocular-deprived animals",19843054,"Psychology and Neuroscience","4","1",0,0,0,0,0,0,0,0,0,0,0,0,0,0,0,0,0,0,0,0,1,0,0,0,1,1,0,3,0,3
2010,"S1 to S2 hind- and forelimb projections in the agouti somatosensory cortex: Axon fragments morphological analysis",08910618,"Journal of Chemical Neuroanatomy","40","4",0,0,0,0,0,0,0,0,0,0,0,0,0,0,1,4,2,0,0,1,0,0,0,0,0,0,0,8,0,8
2010,"Adult brain nitrergic activity after concomitant prenatal exposure to ethanol and methyl mercury",00651281,"Acta Histochemica","112","6",0,0,0,0,0,0,0,0,0,0,0,0,1,0,1,0,0,0,2,0,0,1,1,1,0,1,0,8,0,8
2010,"Hippocampus and dentate gyrus of the Cebus monkey: Architectonic and stereological study",08910618,"Journal of Chemical Neuroanatomy","40","2",0,0,0,0,0,0,0,0,0,0,0,0,0,0,2,1,0,0,0,1,0,0,0,0,0,0,0,4,0,4
2010,"Environmental impoverishment and aging alter object recognition, spatial learning, and dentate gyrus astrocytes",0953816X,"European Journal of Neuroscience","32","3",0,0,0,0,0,0,0,0,0,0,0,3,5,6,9,6,6,8,5,5,5,6,5,4,5,2,2,82,0,82
2010,"Minocycline treatment reduces white matter damage after excitotoxic striatal injury",00068993,"Brain Research","1329","",0,0,0,0,0,0,0,0,0,0,1,2,6,3,1,3,6,1,4,0,1,3,3,2,1,0,0,37,0,37
2010,"Morphological variability of NADPH diaphorase neurons across areas V1, V2, and V3 of the common agouti",00068993,"Brain Research","1318","",0,0,0,0,0,0,0,0,0,0,0,0,2,1,3,0,0,0,1,1,1,0,0,0,1,1,0,11,0,11
2009,"Number and distribution of neurons in the retinal ganglion cell layer in relation to foraging behaviors of tyrant flycatchers",00219967,"Journal of Comparative Neurology","514","1",0,0,0,0,0,0,0,0,0,0,0,0,4,5,8,7,6,9,4,6,7,7,5,2,0,1,1,72,0,72
2009,"Mechanisms of secondary degeneration in the central nervous system during acute neural disorders and white matter damage",02100010,"Revista de Neurologia","48","6",0,0,0,0,0,0,0,0,0,3,9,5,4,0,3,4,3,4,1,2,3,1,0,5,0,1,1,49,0,49
2008,"Three dimensional morphometric analyses of axon terminals early changes induced by methylmercury intoxication in the adult cat striate cortex",00068993,"Brain Research","1244","",0,0,0,0,0,0,0,0,0,0,0,0,0,1,0,0,0,0,0,0,0,0,0,0,0,0,0,1,0,1
2008,"Spatiotemporal distribution of proteoglycans in the developing rat's barrel field and the effects of early deafferentation",00219967,"Journal of Comparative Neurology","510","2",0,0,0,0,0,0,0,0,0,4,0,1,2,0,0,1,1,2,0,0,1,0,0,0,0,0,0,12,0,12
2008,"Histochemical characterization, distribution and morphometric analysis of NADPH diaphorase neurons in the spinal cord of the agouti",16625129,"Frontiers in Neuroanatomy","2","MAY",0,0,0,0,0,0,0,0,0,1,1,0,1,1,0,0,2,0,0,1,0,0,0,0,1,0,0,8,0,8
2008,"Inflammatory response and white matter damage after microinjections of endothelin-1 into the rat striatum",00068993,"Brain Research","1200","",0,0,0,0,0,0,0,0,2,1,3,3,3,1,3,3,3,2,0,0,0,2,1,3,1,1,0,32,0,32
2008,"Early and late pathogenic events of newborn mice encephalitis experimentally induced by Itacaiunas and Curionópolis bracorhabdoviruses infection",19326203,"PLoS ONE","3","3",0,0,0,0,0,0,0,0,0,0,0,0,0,1,2,0,0,0,0,1,0,0,0,1,0,0,0,5,0,5
2008,"Diffuse axonal damage, myelin impairment, astrocytosis and inflammatory response following microinjections of NMDA into the rat striatum",03603997,"Inflammation","31","1",0,0,0,0,0,0,0,0,0,1,1,1,2,1,0,1,3,0,2,3,1,2,3,0,0,0,0,21,0,21
2007,"Differential patterns of inflammatory response, axonal damage and myelin impairment following excitotoxic or ischemic damage to the trigeminal spinal nucleus of adult rats",00068993,"Brain Research","1172","1",0,0,0,0,0,0,0,0,2,0,2,0,1,2,0,1,2,1,0,1,0,2,0,0,0,0,0,14,0,14
2007,"Exercise and food ad libitum reduce the impact of early in life nutritional inbalances on nitrergic activity of hippocampus and striatum",1028415X,"Nutritional Neuroscience","10","5-6",0,0,0,0,0,0,0,0,0,0,0,0,0,0,0,0,0,0,0,0,0,0,0,1,0,0,0,1,0,1
2007,"Callosal axon arbors in the limb representations of the somatosensory cortex (SI) in the agouti (Dasyprocta primnolopha)",00219967,"Journal of Comparative Neurology","500","2",0,0,0,0,0,0,0,1,2,0,3,0,2,1,3,1,3,1,3,2,0,0,0,1,2,1,0,26,0,26
2007,"The organizational variability of the rodent somatosensory cortex",03341763,"Reviews in the Neurosciences","18","3-4",0,0,0,0,0,0,0,0,1,0,2,4,3,1,2,0,3,0,1,3,0,2,0,0,3,2,1,28,0,28
2007,"Differential effects of methylmercury intoxication in the rat's barrel field as evidenced by NADPH diaphorase histochemistry",0161813X,"NeuroToxicology","28","1",0,0,0,0,0,0,0,1,1,1,2,1,1,2,4,2,1,1,1,2,1,0,3,0,0,1,1,26,0,26
2006,"NADPH-diaphorase histochemical changes in the hippocampus, cerebellum and striatum are correlated with different modalities of exercise and watermaze performances",00144819,"Experimental Brain Research","175","2",0,0,0,0,0,0,0,4,0,1,2,3,1,2,0,0,0,0,1,0,1,2,3,0,0,0,0,20,0,20
2006,"Specialization of pyramidal cell structure in the visual areas V1, V2 and V3 of the South American rodent, Dasyprocta primnolopha",00068993,"Brain Research","1106","1",0,0,0,0,0,0,0,2,1,1,1,2,2,3,3,1,2,2,1,3,3,3,1,0,2,1,0,34,0,34
2006,"L-arginine treatment early in life influences NADPH-diaphorase neurons in visual cortex of normal and early-malnourished adult rats",00068993,"Brain Research","1072","1",0,0,0,0,0,0,0,1,1,1,0,1,2,1,0,0,0,1,0,0,0,0,0,0,0,0,0,8,0,8
2006,"Neurotropism and neuropathological effects of selected rhabdoviruses on intranasally-infected newborn mice",0001706X,"Acta Tropica","97","2",0,0,0,0,0,0,0,0,1,1,1,1,0,1,0,0,1,0,0,2,1,2,0,2,0,1,0,14,0,14
2005,"Systematic analysis of axonal damage and inflammatory response in different white matter tracts of acutely injured rat spinal cord",00068993,"Brain Research","1066","1-2",0,0,0,0,0,0,1,3,5,2,3,0,7,2,3,1,4,1,0,1,1,1,1,2,0,0,0,38,0,38
2005,"Neuropil reactivity, distribution and morphology of NADPH diaphorase type I neurons in the barrel cortex of the adult mouse",08910618,"Journal of Chemical Neuroanatomy","30","2-3",0,0,0,0,0,0,0,3,1,1,1,4,6,0,1,0,0,0,3,1,0,0,4,1,1,1,0,28,0,28
2004,"Astrocytosis, microglia activation, oligodendrocyte degeneration, and pyknosis following acute spinal cord injury",00144886,"Experimental Neurology","190","2",0,0,0,0,0,1,4,11,8,6,4,3,5,3,3,2,6,3,3,4,1,1,5,1,0,1,0,75,0,75
2004,"A morphometric study of the progressive changes on NADPH diaphorase activity in the developing rat's barrel field",01680102,"Neuroscience Research","50","1",0,0,0,0,0,1,0,3,2,0,2,1,4,1,2,0,0,2,1,0,0,1,3,0,1,1,0,25,0,25
2004,"NADPH-diaphorase histochemical labeling patterns in the hippocampal neuropil and visual cortical neurons in weaned rats reared during lactation on different litter sizes",1028415X,"Nutritional Neuroscience","7","4",0,0,0,0,0,1,4,2,1,1,2,0,2,1,0,1,0,0,0,0,0,0,0,0,1,0,0,16,0,16
2004,"Neuropil and neuronal changes in hippocampal NADPH-diaphorase histochemistry in the ME7 model of murine prion disease",03051846,"Neuropathology and Applied Neurobiology","30","3",0,0,0,0,1,1,1,3,0,2,2,1,0,0,0,0,0,0,0,0,0,0,0,0,0,0,0,11,0,11
2003,"Synaptic changes characterize early behavioural signs in the ME7 model of murine prion disease",0953816X,"European Journal of Neuroscience","17","10",0,0,0,0,10,14,17,17,15,19,17,13,14,14,11,15,11,13,11,8,2,7,6,3,6,2,2,247,0,247
2002,"Computer-assisted morphometric analysis of intrinsic axon terminals in the supragranular layers of cat striate cortex",03402061,"Anatomy and Embryology","205","4",0,0,0,0,1,0,1,1,1,1,1,0,0,0,2,0,0,0,0,0,0,0,0,0,0,0,0,8,0,8
2000,"Permanent and transitory morphometric changes of NADPH-diaphorase-containing neurons in the rat visual cortex after early malnutrition",03619230,"Brain Research Bulletin","53","2",0,0,1,0,3,1,4,2,1,5,1,0,1,2,1,1,0,1,1,0,0,0,1,0,0,0,0,26,0,26
2000,"The barrel field of the adult mouse Sml cortex as revealed by NADPH- diaphorase histochemistry",09594965,"NeuroReport","11","9",0,1,0,2,1,1,0,3,2,1,1,1,4,0,1,0,0,0,1,2,0,1,1,1,1,1,0,26,0,26
1998,"Methylmercury intoxication and histochemical demonstration of NADPH-diaphorase activity in the striate cortex of adult cats",0100879X,"Brazilian Journal of Medical and Biological Research","31","9",0,0,0,0,0,1,1,1,1,0,1,0,0,0,1,0,1,0,0,1,0,0,0,0,1,0,0,9,0,9
1997,"Horizontal projections of area 17 in Cebus monkeys: Metric features, and modular and laminar distribution",0100879X,"Brazilian Journal of Medical and Biological Research","30","12",1,0,0,0,0,0,0,0,1,0,1,1,1,1,0,1,0,0,0,0,0,1,0,0,1,0,0,8,0,9
1997,"Effects of methyl mercury on the in vivo release of dopamine and its acidic metabolites DOPAC and HVA from striatum of rats",01476513,"Ecotoxicology and Environmental Safety","38","2",3,1,3,1,1,2,4,2,2,1,0,2,2,0,1,1,0,0,0,2,0,1,2,1,1,0,0,30,0,33
1997,"NADPH-diaphorase activity in area 17 of the squirrel monkey visual cortex: Neuropil pattern, cell morphology and laminar distribution",0100879X,"Brazilian Journal of Medical and Biological Research","30","9",4,0,0,1,1,1,1,0,1,0,1,0,3,0,0,1,0,0,0,1,0,0,0,0,1,0,0,12,0,16
1996,"Histochemical characterization of NADPH-diaphorase activity in area 17 of diurnal and nocturnal primates and rodents",0100879X,"Brazilian Journal of Medical and Biological Research","29","10",1,0,0,1,1,1,0,0,0,1,1,0,0,0,0,0,0,0,0,0,0,0,0,0,0,0,0,5,0,6
1996,"Morphometric analysis of intrinsic axon terminals of Cebus monkey area 17",0100879X,"Brazilian Journal of Medical and Biological Research","29","10",1,0,1,0,0,0,0,1,0,0,0,1,1,1,0,0,0,0,0,0,0,1,0,0,0,0,0,6,0,7
1996,"Late development of Zif268 ocular dominance columns in primary visual cortex of primates",00068993,"Brain Research","732","1-2",1,0,1,1,0,2,1,1,0,0,0,0,0,1,0,0,0,0,0,0,0,0,0,1,1,0,0,9,0,10
1996,"Late development of Zif268 ocular dominance columns in primates",01460404,"Investigative Ophthalmology and Visual Science","37","3",1,0,0,0,0,0,0,0,0,0,0,0,0,0,0,0,0,0,0,0,0,0,0,0,0,0,0,0,0,1
1996,"Complete reconstructions and quantitative analyses of ocular dominance columns of V1 of Cebus-monkey revealed by NADPH-diaphorase histochemistry",01460404,"Investigative Ophthalmology and Visual Science","37","3",2,0,0,0,0,0,0,0,0,0,0,0,0,0,0,0,0,0,0,0,0,0,0,0,0,0,0,0,0,2
1996,"Intrinsic projections of Cebus-monkey area 17: cell morphology and axon terminals.",00347108,"Revista brasileira de biologia","56 Su 1 Pt 2","",0,0,0,0,0,0,0,1,0,0,0,0,1,1,0,1,0,0,0,0,0,1,0,0,1,0,0,6,0,6
1995,"Localization of NADPH-diaphorase activity in the human visual cortex.",0100879X,"Brazilian journal of medical and biological research = Revista brasileira de pesquisas médicas e biológicas / Sociedade Brasileira de Biofísica ... [et al.]","28","2",3,0,0,0,0,1,0,0,0,0,0,0,1,0,0,0,0,0,0,0,0,0,0,0,0,0,0,2,0,5
1994,"M and P retinal ganglion cells of diurnal and nocturnal new-world monkeys",09594965,"NeuroReport","5","16",18,2,1,0,3,5,2,1,5,1,3,1,1,2,3,0,0,0,0,0,2,0,0,0,0,0,0,32,0,50
1992,"Biocytin as a retrograde tracer in the mammalian visual system",0100879X,"Brazilian Journal of Medical and Biological Research","25","1",10,2,1,0,0,1,0,1,1,0,0,0,0,0,1,0,0,0,0,0,0,0,0,0,0,0,0,7,0,17
1992,"The neurons in layer 1 of cat visual cortex",09628452,"Proceedings of the Royal Society B: Biological Sciences","248","1",6,0,0,1,2,0,0,0,2,0,0,0,1,1,0,0,0,0,1,0,0,0,0,0,0,0,0,8,0,14
1991,"Head holder for lateral-eyed species in vision research.",0100879X,"Brazilian journal of medical and biological research = Revista brasileira de pesquisas médicas e biológicas / Sociedade Brasileira de Biofísica ... [et al.]","24","7",0,0,0,0,0,0,1,0,0,0,0,0,0,0,1,0,0,0,0,0,0,0,0,0,0,0,0,2,0,2
1991,"Contralateral visual field representation in area 17 of the cerebral cortex of the agouti: A comparison between the cortical magnification factor and retinal ganglion cell distribution",03064522,"Neuroscience","44","2",7,0,0,0,0,2,2,0,0,1,1,1,3,0,4,0,1,1,2,0,2,1,0,0,0,0,0,21,0,28
1989,"Visual response properties of pretectal units in the nucleus of the optic tract of the opossum",00144819,"Experimental Brain Research","78","2",25,7,2,2,3,3,0,1,1,1,0,0,1,0,0,0,0,1,0,0,0,0,1,0,0,0,0,23,0,48
1989,"Distribution and size of ganglion cells in the retinae of large Amazon rodents",09525238,"Visual Neuroscience","2","3",9,0,0,0,1,1,2,0,3,2,2,2,5,2,4,1,2,4,1,0,2,1,2,0,1,1,0,39,0,48
1989,"Displaced Horizontal Cells And Biplexiform Horizontal Cells In The Mammalian Retina",09525238,"Visual Neuroscience","3","5",12,0,0,1,0,2,2,1,1,1,0,0,0,0,2,0,3,0,2,0,1,0,1,0,0,0,0,17,0,29
1989,"Retinal ganglion cell distribution in the cebus monkey: A comparison with the cortical magnification factors",00426989,"Vision Research","29","11",34,2,2,1,2,3,4,3,2,2,1,5,2,3,6,3,2,4,0,0,0,1,1,0,2,2,0,53,0,87
1989,"The visual cortex of the agouti (Dasyprocta aguti): architectonic subdivisions.",0100879X,"Brazilian journal of medical and biological research = Revista brasileira de pesquisas médicas e biológicas / Sociedade Brasileira de Biofísica ... [et al.]","22","1",4,0,0,0,0,2,1,1,2,1,1,1,1,0,1,0,0,0,0,1,1,0,0,0,1,1,0,15,0,19
1983,"Electrophysiological determination of the refractive state of the eye of the opossum",00426989,"Vision Research","23","9",4,0,0,0,1,0,0,0,0,0,0,1,0,0,0,0,0,1,0,0,0,0,0,0,1,0,0,4,0,8
1982,"Contrast sensitivity function and visual acuity of the opossum",00426989,"Vision Research","22","11",17,0,1,1,1,0,1,1,1,0,0,1,1,0,0,0,1,1,1,0,0,0,0,0,1,0,0,12,0,29