,"Author: Burbano, Rommel Mario Rodriguez",,,,,,,,,,,,,,,,,,,,,,,,,,,,,,,,,,
,,,,,,,,,,,,,,,,,,,,,,,,,,,,,,,,,,,
,"h-index = 42 (Of the 359 documents considered for the h-index, 42 have been cited at least 42 times.)",,,,,,,,,,,,,,,,,,,,,,,,,,,,,,,,,,
,,,,,,,,,,,,,,,,,,,,,,,,,,,,,,,,,,,
,,,,,,,,,,,,,,,,,,,,,,,,,,,,,,,,,,,
,,,,,,<2001,2001,2002,2003,2004,2005,2006,2007,2008,2009,2010,2011,2012,2013,2014,2015,2016,2017,2018,2019,2020,2021,2022,2023,2024,2025,2026,Subtotal,>2026,Total
Publication Year,Document Title,ISSN,Journal Title,Volume,Issue,4,5,4,7,11,24,36,39,85,120,100,152,169,220,293,312,370,368,391,457,524,549,617,499,482,635,334,6803,0,6807
2025,"PD-1/PD-L1 Inhibitors Increase Pathological Complete Response in Locally Advanced Gastric Cancer: A Meta-analysis and Trial Sequential Analysis",19416628,"Journal of Gastrointestinal Cancer","56","1",0,0,0,0,0,0,0,0,0,0,0,0,0,0,0,0,0,0,0,0,0,0,0,0,0,5,7,12,0,12
2025,"Efficacy and Safety of Anti-EGFR Therapy Rechallenge in Metastatic Colorectal Cancer: A Systematic Review and Meta-Analysis",19416628,"Journal of Gastrointestinal Cancer","56","1",0,0,0,0,0,0,0,0,0,0,0,0,0,0,0,0,0,0,0,0,0,0,0,0,1,4,5,10,0,10
2025,"Identification of genomic variants associated with colorectal cancer heredity in indigenous populations of the Amazon",20452322,"Scientific Reports","15","1",0,0,0,0,0,0,0,0,0,0,0,0,0,0,0,0,0,0,0,0,0,0,0,0,0,1,0,1,0,1
2025,"Pathologic response rates in HER2-low versus HER2-zero early breast cancer patients receiving neoadjuvant therapy: a systematic review and meta-analysis",14655411,"Breast Cancer Research","27","1",0,0,0,0,0,0,0,0,0,0,0,0,0,0,0,0,0,0,0,0,0,0,0,0,0,7,5,12,0,12
2025,"Statins and prognosis of female breast cancer: a meta-analysis",1699048X,"Clinical and Translational Oncology","27","10",0,0,0,0,0,0,0,0,0,0,0,0,0,0,0,0,0,0,0,0,0,0,0,0,0,1,2,3,0,3
2025,"Ethnic disparities in survival and progression among EGFR-mutated adenocarcinoma of lung cancer patients treated with tyrosine kinase inhibitors: a systematic review and meta-analysis",1699048X,"Clinical and Translational Oncology","27","7",0,0,0,0,0,0,0,0,0,0,0,0,0,0,0,0,0,0,0,0,0,0,0,0,0,0,1,1,0,1
2025,"Alpha-Lipoic Acid Reduces Neuroinflammation and Oxidative Stress Induced by Dapsone in an Animal Model",20726643,"Nutrients","17","5",0,0,0,0,0,0,0,0,0,0,0,0,0,0,0,0,0,0,0,0,0,0,0,0,0,8,2,10,0,10
2025,"Prevalence of cardiometabolic outcomes in women who underwent salpingo-oophorectomy to prevent hereditary breast and ovarian cancer: a meta-analysis",13899600,"Familial Cancer","24","1",0,0,0,0,0,0,0,0,0,0,0,0,0,0,0,0,0,0,0,0,0,0,0,0,0,3,1,4,0,4
2025,"Host repair polymorphisms and H. pylori genes in gastric disease outcomes: Who are the guardian and villains?",03781119,"Gene","933","",0,0,0,0,0,0,0,0,0,0,0,0,0,0,0,0,0,0,0,0,0,0,0,0,0,1,0,1,0,1
2025,"A systematic review and meta-analysis of users versus non-users: unveiling the influence of proton pump inhibitors on capecitabine efficacy in colorectal cancer",17512433,"Expert Review of Clinical Pharmacology","18","1-2",0,0,0,0,0,0,0,0,0,0,0,0,0,0,0,0,0,0,0,0,0,0,0,0,0,1,1,2,0,2
2025,"Transcriptome analysis displays new molecular insights into the mechanisms of action of Mebendazole in gastric cancer cells",00104825,"Computers in Biology and Medicine","184","",0,0,0,0,0,0,0,0,0,0,0,0,0,0,0,0,0,0,0,0,0,0,0,0,0,1,2,3,0,3
2025,"Racial/ethnic differences in survival and treatment response with PD-1/PD-L1 inhibitors in resectable non-small cell lung cancer: a meta-analysis of randomized controlled trials",00316970,"European Journal of Clinical Pharmacology","81","1",0,0,0,0,0,0,0,0,0,0,0,0,0,0,0,0,0,0,0,0,0,0,0,0,0,6,2,8,0,8
2024,"Evaluation of Circulating MicroRNAs in Schizophrenia: From Epigenomic Dysregulation to Potential Biomarkers",26735318,"Psychiatry International","5","4",0,0,0,0,0,0,0,0,0,0,0,0,0,0,0,0,0,0,0,0,0,0,0,0,0,2,1,3,0,3
2024,"Hematological and Biochemical Characteristics Associated with Cytogenetic Findern Alterations in Adult Patients with Acute Lymphoblastic Leukemia (ALL) from the Northern Region of Brazil",22279059,"Biomedicines","12","12",0,0,0,0,0,0,0,0,0,0,0,0,0,0,0,0,0,0,0,0,0,0,0,0,0,0,1,1,0,1
2024,"Genomic mosaicism in colorectal cancer and polyposis syndromes: a systematic review and meta-analysis",01791958,"International Journal of Colorectal Disease","39","1",0,0,0,0,0,0,0,0,0,0,0,0,0,0,0,0,0,0,0,0,0,0,0,0,0,1,0,1,0,1
2024,"Impact of ABCG2 rs2231142(421C&gt;A) Variant on the Clinical Outcomes of Patients With EGFR-mutated Non-small Cell Lung Cancer Treated With Gefitinib: A Comprehensive Meta-analysis",02507005,"Anticancer Research","44","12",0,0,0,0,0,0,0,0,0,0,0,0,0,0,0,0,0,0,0,0,0,0,0,0,0,2,0,2,0,2
2024,"Efficacy and safety of PD-1/PD-L1 inhibitors in patients with Merkel Cell Carcinoma: a systematic review and Meta-analysis",14712407,"BMC Cancer","24","1",0,0,0,0,0,0,0,0,0,0,0,0,0,0,0,0,0,0,0,0,0,0,0,0,0,6,5,11,0,11
2024,"Pharmacogenetics of DPYD and treatment-related mortality on fluoropyrimidine chemotherapy for cancer patients: a meta-analysis and trial sequential analysis",14712407,"BMC Cancer","24","1",0,0,0,0,0,0,0,0,0,0,0,0,0,0,0,0,0,0,0,0,0,0,0,0,0,17,10,27,0,27
2024,"Impact of adjuvant chemotherapy on survival after pathological complete response in rectal cancer: a meta-analysis of 31,558 patients",01791958,"International Journal of Colorectal Disease","39","1",0,0,0,0,0,0,0,0,0,0,0,0,0,0,0,0,0,0,0,0,0,0,0,0,2,5,2,9,0,9
2024,"Trifluridine–tipiracil plus bevacizumab versus trifluridine–tipiracil monotherapy for chemorefractory metastatic colorectal cancer: a systematic review and meta-analysis",14712407,"BMC Cancer","24","1",0,0,0,0,0,0,0,0,0,0,0,0,0,0,0,0,0,0,0,0,0,0,0,0,5,6,3,14,0,14
2024,"Effect of American genomic ancestry on severe toxicities in children with acute lymphoblastic leukemia in the Amazon region",27306011,"Discover Oncology","15","1",0,0,0,0,0,0,0,0,0,0,0,0,0,0,0,0,0,0,0,0,0,0,0,0,0,0,1,1,0,1
2024,"Efficacy and safety of Zolbetuximab plus chemotherapy for advanced CLDN18.2-positive gastric or gastro-oesophageal adenocarcinoma: a meta-analysis of randomized clinical trials",14712407,"BMC Cancer","24","1",0,0,0,0,0,0,0,0,0,0,0,0,0,0,0,0,0,0,0,0,0,0,0,0,5,11,11,27,0,27
2024,"Treatment-related Adverse Events, Including Fatal Toxicities, in Patients With Extensive-stage Small-cell Lung Cancer Receiving Adjuvant Programmed Cell Death 1/Programmed Cell Death Ligand 1 Inhibitors: A Meta-analysis and Trial Sequential Analysis of Randomized Controlled Trials",09366555,"Clinical Oncology","36","10",0,0,0,0,0,0,0,0,0,0,0,0,0,0,0,0,0,0,0,0,0,0,0,0,2,5,3,10,0,10
2024,"Prevention of congenital chagas disease by trypanocide treatment in women of reproductive age: A meta-analysis of observational studies",19352727,"PLoS Neglected Tropical Diseases","2024-September","",0,0,0,0,0,0,0,0,0,0,0,0,0,0,0,0,0,0,0,0,0,0,0,0,1,10,6,17,0,17
2024,"Linalool-rich rosewood essential oil (Aniba rosaeodora Ducke) mitigates emotional and neurochemical impairments induced by ethanol binge-like exposure during adolescence in female rats",07533322,"Biomedicine and Pharmacotherapy","178","",0,0,0,0,0,0,0,0,0,0,0,0,0,0,0,0,0,0,0,0,0,0,0,0,0,5,5,10,0,10
2024,"Treatment-related adverse events in patients with advanced breast cancer receiving adjuvant AKT inhibitors: a meta-analysis of randomized controlled trials",00316970,"European Journal of Clinical Pharmacology","80","9",0,0,0,0,0,0,0,0,0,0,0,0,0,0,0,0,0,0,0,0,0,0,0,0,3,5,0,8,0,8
2024,"Alterations in pharmacogenetic genes and their implications for imatinib resistance in Chronic Myeloid Leukemia patients from an admixed population",03445704,"Cancer Chemotherapy and Pharmacology","94","3",0,0,0,0,0,0,0,0,0,0,0,0,0,0,0,0,0,0,0,0,0,0,0,0,0,0,1,1,0,1
2024,"In vitro assessment of the genotoxic and cytotoxic effects of clarified açai (Euterpe oleracea MART) extract in a gastric cancer cell line (AGP01 cells).",08872333,"Toxicology in Vitro","99","",0,0,0,0,0,0,0,0,0,0,0,0,0,0,0,0,0,0,0,0,0,0,0,0,0,2,0,2,0,2
2024,"High-Dose versus Low-Dose Oxytocin for Labor Augmentation: A Meta-Analysis of Randomized Controlled Trials",20754426,"Journal of Personalized Medicine","14","7",0,0,0,0,0,0,0,0,0,0,0,0,0,0,0,0,0,0,0,0,0,0,0,0,0,1,0,1,0,1
2024,"Homocystein, Vitamin B12 and Folic Acid as Screening Biomarkers in Early Diagnosis and Gastric Cancer Monitoring",20763271,"Medical sciences","12","2",0,0,0,0,0,0,0,0,0,0,0,0,0,0,0,0,0,0,0,0,0,0,0,0,0,1,0,1,0,1
2024,"Molecular Profile of Important Genes for Radiogenomics in the Amazon Indigenous Population",20754426,"Journal of Personalized Medicine","14","5",0,0,0,0,0,0,0,0,0,0,0,0,0,0,0,0,0,0,0,0,0,0,0,0,0,0,3,3,0,3
2024,"Efficacy and Safety of Anti-CD38 Monoclonal Antibodies in Patients with Relapsed or Refractory Multiple Myeloma: A Meta-Analysis of Randomized Clinical Trials",20754426,"Journal of Personalized Medicine","14","4",0,0,0,0,0,0,0,0,0,0,0,0,0,0,0,0,0,0,0,0,0,0,0,0,0,2,1,3,0,3
2024,"Molecular Profile of Variants Potentially Associated with Severe Forms of COVID-19 in Amazonian Indigenous Populations",19994915,"Viruses","16","3",0,0,0,0,0,0,0,0,0,0,0,0,0,0,0,0,0,0,0,0,0,0,0,0,1,2,3,6,0,6
2024,"Extracavitary Primary Effusion Lymphoma Affecting the Oral Cavity: A Rare Case Report",10668969,"International Journal of Surgical Pathology","32","1",0,0,0,0,0,0,0,0,0,0,0,0,0,0,0,0,0,0,0,0,0,0,0,0,0,1,1,2,0,2
2024,"The role of CLDN18.2 in gastric cancer prognosis: a systematic review and meta-analysis",1354750X,"Biomarkers","29","8",0,0,0,0,0,0,0,0,0,0,0,0,0,0,0,0,0,0,0,0,0,0,0,0,1,8,6,15,0,15
2024,"Association of PARP1 Expression Levels and Clinical Parameters in Different Leukemic Subtypes With BCR::ABL1 p190+ Translocation",27327787,"Cancer Diagnosis and Prognosis","4","5",0,0,0,0,0,0,0,0,0,0,0,0,0,0,0,0,0,0,0,0,0,0,0,0,0,1,0,1,0,1
2024,"Prolactin protects against mercury-induced toxicity in the Amazonian fish Geophagus brasiliensis (Perciformes, Cichlidae)",16765680,"Genetics and Molecular Research","23","2",0,0,0,0,0,0,0,0,0,0,0,0,0,0,0,0,0,0,0,0,0,0,0,0,0,1,1,2,0,2
2024,"A Review on Anaplastic Lymphoma Kinase (ALK) Rearrangements and Mutations: Implications for Gastric Carcinogenesis and Target Therapy",13892037,"Current Protein and Peptide Science","25","7",0,0,0,0,0,0,0,0,0,0,0,0,0,0,0,0,0,0,0,0,0,0,0,0,0,2,0,2,0,2
2024,"Do proton pump inhibitors affect the effectiveness of cyclin-dependent kinase 4/6 inhibitors in advanced HR positive, HER2 negative breast cancer? A meta-analysis",16639812,"Frontiers in Pharmacology","15","",0,0,0,0,0,0,0,0,0,0,0,0,0,0,0,0,0,0,0,0,0,0,0,0,2,7,1,10,0,10
2023,"PARP1 Characterization as a Potential Biomarker for BCR::ABL1 p190+ Acute Lymphoblastic Leukemia",20726694,"Cancers","15","23",0,0,0,0,0,0,0,0,0,0,0,0,0,0,0,0,0,0,0,0,0,0,0,0,1,1,0,2,0,2
2023,"Oral follicular lymphoma: a clinicopathologic and molecular study",18689256,"Journal of Hematopathology","16","4",0,0,0,0,0,0,0,0,0,0,0,0,0,0,0,0,0,0,0,0,0,0,0,0,0,0,2,2,0,2
2023,"Malignant Neoplasms Arising in the Cardiac Pacemaker Cavity: A Systematic Review",20726694,"Cancers","15","21",0,0,0,0,0,0,0,0,0,0,0,0,0,0,0,0,0,0,0,0,0,0,0,0,1,3,1,5,0,5
2023,"Breast Cancer: Clinical–Epidemiological Profile and Toxicities of Women Receiving Treatment with Taxanes in the Amazon Region",20754426,"Journal of Personalized Medicine","13","10",0,0,0,0,0,0,0,0,0,0,0,0,0,0,0,0,0,0,0,0,0,0,0,0,1,0,0,1,0,1
2023,"Efficacy and Safety of Setmelanotide, a Melanocortin-4 Receptor Agonist, for Obese Patients: A Systematic Review and Meta-Analysis",20754426,"Journal of Personalized Medicine","13","10",0,0,0,0,0,0,0,0,0,0,0,0,0,0,0,0,0,0,0,0,0,0,0,0,6,12,10,28,0,28
2023,"Investigation of Genetic Factors and Clinical Data in Breast Cancer Highlights the Importance of Breastfeeding and Cancer History",14673037,"Current Issues in Molecular Biology","45","10",0,0,0,0,0,0,0,0,0,0,0,0,0,0,0,0,0,0,0,0,0,0,0,0,0,1,0,1,0,1
2023,"Hepatitis C and Human Pegivirus Coinfection in Patients with Chronic Hepatitis C from the Brazilian Amazon Region: Prevalence, Genotypes and Clinical Data",19994915,"Viruses","15","9",0,0,0,0,0,0,0,0,0,0,0,0,0,0,0,0,0,0,0,0,0,0,0,0,1,0,0,1,0,1
2023,"A Shortcut from Genome to Drug: The Employment of Bioinformatic Tools to Find New Targets for Gastric Cancer Treatment",19994923,"Pharmaceutics","15","9",0,0,0,0,0,0,0,0,0,0,0,0,0,0,0,0,0,0,0,0,0,0,0,0,3,1,1,5,0,5
2023,"One binge-type cycle of alcohol plus ketamine exposure induces emotional-like disorders associated with oxidative damage in adolescent female rats",07533322,"Biomedicine and Pharmacotherapy","162","",0,0,0,0,0,0,0,0,0,0,0,0,0,0,0,0,0,0,0,0,0,0,0,0,1,1,1,3,0,3
2023,"Influence of Genetic Variations in miRNA and Genes Encoding Proteins in the miRNA Synthesis Complex on Toxicity of the Treatment of Pediatric B-Cell ALL in the Brazilian Amazon",14220067,"International Journal of Molecular Sciences","24","5",0,0,0,0,0,0,0,0,0,0,0,0,0,0,0,0,0,0,0,0,0,0,0,1,2,4,1,8,0,8
2023,"Study of Genotoxicity, Activities on Caspase 8 and on the Stabilization of the Topoisomerase Complex of Isoeleutherin and Analogues",14203049,"Molecules","28","4",0,0,0,0,0,0,0,0,0,0,0,0,0,0,0,0,0,0,0,0,0,0,0,1,1,0,0,2,0,2
2023,"Association between the rs820218 Variant within the SAP30BP Gene and Rotator Cuff Rupture in an Amazonian Population",20734425,"Genes","14","2",0,0,0,0,0,0,0,0,0,0,0,0,0,0,0,0,0,0,0,0,0,0,0,0,1,1,0,2,0,2
2023,"Impact of pri-let-7a-1 rs10739971 for Gastric Cancer Predisposition in an Amazon Region",20734425,"Genes","14","2",0,0,0,0,0,0,0,0,0,0,0,0,0,0,0,0,0,0,0,0,0,0,0,1,0,0,0,1,0,1
2023,"Association between Polymorphism of Genes IL-1A, NFKB1, PAR1, TP53, and UCP2 and Susceptibility to Non-Small Cell Lung Cancer in the Brazilian Amazon",20734425,"Genes","14","2",0,0,0,0,0,0,0,0,0,0,0,0,0,0,0,0,0,0,0,0,0,0,0,1,2,2,1,6,0,6
2023,"Evaluation of The Anti-Inflammatory Action of Andiroba Oil - Carapa guianensis aubl (Meliceae) in Oral Mucositis",,"Pharmacological Studies in Natural Oral Care","","",0,0,0,0,0,0,0,0,0,0,0,0,0,0,0,0,0,0,0,0,0,0,0,0,0,1,0,1,0,1
2023,"The chromatographic constitution of andiroba oil and its healing effects, compared to the LLLT outcomes, in oral mucositis induced in golden Syrian hamsters: a new treatment option",19492553,"Oncotarget","14","",0,0,0,0,0,0,0,0,0,0,0,0,0,0,0,0,0,0,0,0,0,0,0,1,0,2,0,3,0,3
2023,"Prognostic impact of miR-125b and miR-155b and their relationship with MYC and TP53 in diffuse large B-cell lymphoma: cell-of-origin classification matters",13464280,"Journal of Clinical and Experimental Hematopathology","63","3",0,0,0,0,0,0,0,0,0,0,0,0,0,0,0,0,0,0,0,0,0,0,0,0,0,1,0,1,0,1
2023,"Transmission dynamics of SARS-CoV-2 variants in the Brazilian state of Pará",22962565,"Frontiers in Public Health","11","",0,0,0,0,0,0,0,0,0,0,0,0,0,0,0,0,0,0,0,0,0,0,0,1,2,1,0,4,0,4
2023,"Research for Cytomegalovirus Mutations Associated With Resistance to Antivirals in Kidney Transplant Receptors",09636897,"Cell Transplantation","32","",0,0,0,0,0,0,0,0,0,0,0,0,0,0,0,0,0,0,0,0,0,0,0,0,1,0,0,1,0,1
2023,"The altered metabolic pathways of diffuse large B-cell lymphoma not otherwise specified",10428194,"Leukemia and Lymphoma","64","11",0,0,0,0,0,0,0,0,0,0,0,0,0,0,0,0,0,0,0,0,0,0,0,0,0,1,1,2,0,2
2023,"Association between INDELs in MicroRNAs and Susceptibility to Gastric Cancer in Amazonian Population",20734425,"Genes","14","1",0,0,0,0,0,0,0,0,0,0,0,0,0,0,0,0,0,0,0,0,0,0,0,1,1,0,0,2,0,2
2023,"Prevalence of Dengue, Chikungunya and Zika Viruses in Blood Donors in the State of Pará, Northern Brazil: 2018–2020",1010660X,"Medicina (Lithuania)","59","1",0,0,0,0,0,0,0,0,0,0,0,0,0,0,0,0,0,0,0,0,0,0,0,0,1,2,0,3,0,3
2022,"Incidence of Hereditary Gastric Cancer May Be Much Higher than Reported",20726694,"Cancers","14","24",0,0,0,0,0,0,0,0,0,0,0,0,0,0,0,0,0,0,0,0,0,0,0,0,1,0,0,1,0,1
2022,"In Vitro Cytotoxic Effects and Mechanisms of Action of Eleutherine Isolated from Eleutherine plicata Bulb in Rat Glioma C6 Cells",14203049,"Molecules","27","24",0,0,0,0,0,0,0,0,0,0,0,0,0,0,0,0,0,0,0,0,0,0,0,2,1,2,1,6,0,6
2022,"Antitumoral effect of novel synthetic 8-hydroxy-2-((4-nitrophenyl)thio)naphthalene-1,4-dione (CNN16) via ROS-mediated DNA damage, apoptosis and anti-migratory effect in colon cancer cell line",0041008X,"Toxicology and Applied Pharmacology","456","",0,0,0,0,0,0,0,0,0,0,0,0,0,0,0,0,0,0,0,0,0,0,0,1,2,5,0,8,0,8
2022,"“K-Powder” Exposure during Adolescence Elicits Psychiatric Disturbances Associated with Oxidative Stress in Female Rats",14248247,"Pharmaceuticals","15","11",0,0,0,0,0,0,0,0,0,0,0,0,0,0,0,0,0,0,0,0,0,0,0,1,0,1,4,6,0,6
2022,"CDC25B Inhibition by Menadione: A Potential New Therapeutical Approach",18715206,"Anti-Cancer Agents in Medicinal Chemistry","22","17",0,0,0,0,0,0,0,0,0,0,0,0,0,0,0,0,0,0,0,0,0,0,0,1,2,1,0,4,0,4
2022,"Kinase Inhibitor Screening Displayed ALK as a Possible Therapeutic Biomarker for Gastric Cancer",19994923,"Pharmaceutics","14","9",0,0,0,0,0,0,0,0,0,0,0,0,0,0,0,0,0,0,0,0,0,0,0,0,3,2,0,5,0,5
2022,"Genetic and Transcriptional Analysis of 8q24.21 Cluster in Gastric Cancer",02507005,"Anticancer Research","42","9",0,0,0,0,0,0,0,0,0,0,0,0,0,0,0,0,0,0,0,0,0,0,0,5,5,5,0,15,0,15
2022,"Anticancer potential of mebendazole against chronic myeloid leukemia: in silico and in vitro studies revealed new insights about the mechanism of action",16639812,"Frontiers in Pharmacology","13","",0,0,0,0,0,0,0,0,0,0,0,0,0,0,0,0,0,0,0,0,0,0,0,2,4,3,1,10,0,10
2022,"1,4-Naphthoquinone (CNN1) Induces Apoptosis through DNA Damage and Promotes Upregulation of H2AFX in Leukemia Multidrug Resistant Cell Line",14220067,"International Journal of Molecular Sciences","23","15",0,0,0,0,0,0,0,0,0,0,0,0,0,0,0,0,0,0,0,0,0,0,2,4,3,3,2,14,0,14
2022,"Triple-Negative Breast Cancer circRNAome Reveals Hsa_circ_0072309 as a Potential Risk Biomarker",20726694,"Cancers","14","13",0,0,0,0,0,0,0,0,0,0,0,0,0,0,0,0,0,0,0,0,0,0,1,0,2,3,4,10,0,10
2022,"Leukemic Stem Cell: A Mini-Review on Clinical Perspectives",2234943X,"Frontiers in Oncology","12","",0,0,0,0,0,0,0,0,0,0,0,0,0,0,0,0,0,0,0,0,0,0,0,3,4,4,1,12,0,12
2022,"Correlation between Genomic Variants and Worldwide Epidemiology of Prostate Cancer",20734425,"Genes","13","6",0,0,0,0,0,0,0,0,0,0,0,0,0,0,0,0,0,0,0,0,0,0,1,4,5,3,3,16,0,16
2022,"CD30 Expression in Oral and Oropharyngeal Diffuse Large B Cell Lymphoma, not Otherwise Specified",1936055X,"Head and Neck Pathology","16","2",0,0,0,0,0,0,0,0,0,0,0,0,0,0,0,0,0,0,0,0,0,0,0,1,0,1,0,2,0,2
2022,"Non-Coding RNA in Penile Cancer",2234943X,"Frontiers in Oncology","12","",0,0,0,0,0,0,0,0,0,0,0,0,0,0,0,0,0,0,0,0,0,0,0,1,1,1,1,4,0,4
2022,"MicroRNA 320a and Membrane Antigens as Tools to Evaluate the Pathophysiology of Platelets Stored in Blood Banks",14673037,"Current Issues in Molecular Biology","44","5",0,0,0,0,0,0,0,0,0,0,0,0,0,0,0,0,0,0,0,0,0,0,0,1,1,1,0,3,0,3
2022,"H. pylori Infection and Virulence Factors cagA and vacA (s and m Regions) in Gastric Adenocarcinoma from Pará State, Brazil",20760817,"Pathogens","11","4",0,0,0,0,0,0,0,0,0,0,0,0,0,0,0,0,0,0,0,0,0,0,1,1,6,5,4,17,0,17
2022,"Association of Androgenic Regulation and MicroRNAs in Acinar Adenocarcinoma of Prostate",20734425,"Genes","13","4",0,0,0,0,0,0,0,0,0,0,0,0,0,0,0,0,0,0,0,0,0,0,1,1,1,0,1,4,0,4
2022,"The Genomic Profile Associated with Risk of Severe Forms of COVID-19 in Amazonian Native American Populations",20754426,"Journal of Personalized Medicine","12","4",0,0,0,0,0,0,0,0,0,0,0,0,0,0,0,0,0,0,0,0,0,0,1,2,6,0,1,10,0,10
2022,"The Role of SLC22A1 and Genomic Ancestry on Toxicity during Treatment in Children with Acute Lymphoblastic Leukemia of the Amazon Region",20734425,"Genes","13","4",0,0,0,0,0,0,0,0,0,0,0,0,0,0,0,0,0,0,0,0,0,0,1,2,1,0,0,4,0,4
2022,"Chronic Myelogenous Leukemia with Double Philadelphia Chromosome and Coexpression of p210 and p190 Fusion Transcripts",20734425,"Genes","13","4",0,0,0,0,0,0,0,0,0,0,0,0,0,0,0,0,0,0,0,0,0,0,0,0,0,1,1,2,0,2
2022,"Pyrene-polyethylene glycol-modified multi-walled carbon nanotubes: Genotoxicity in V79-4 fibroblast cells",13835718,"Mutation Research - Genetic Toxicology and Environmental Mutagenesis","876-877","",0,0,0,0,0,0,0,0,0,0,0,0,0,0,0,0,0,0,0,0,0,0,1,1,0,0,0,2,0,2
2022,"UGT1A1 Gene Polymorphism Contributes as a Risk Factor for Lung Cancer: A Pilot Study with Patients from the Amazon",20734425,"Genes","13","3",0,0,0,0,0,0,0,0,0,0,0,0,0,0,0,0,0,0,0,0,0,0,1,2,2,2,0,7,0,7
2022,"Correlation of Genetic Variants and the Incidence, Prevalence and Mortality Rates of Acute Lymphoblastic Leukemia",20754426,"Journal of Personalized Medicine","12","3",0,0,0,0,0,0,0,0,0,0,0,0,0,0,0,0,0,0,0,0,0,0,0,2,2,0,3,7,0,7
2022,"Exome Evaluation of Autism-Associated Genes in Amazon American Populations",20734425,"Genes","13","2",0,0,0,0,0,0,0,0,0,0,0,0,0,0,0,0,0,0,0,0,0,0,2,1,3,1,1,8,0,8
2022,"Impact of Variants in the ATIC and ARID5B Genes on Therapeutic Failure with Imatinib in Patients with Chronic Myeloid Leukemia",20734425,"Genes","13","2",0,0,0,0,0,0,0,0,0,0,0,0,0,0,0,0,0,0,0,0,0,0,1,2,1,1,1,6,0,6
2022,"Telomere length and telomerase activity of leukocytes as biomarkers of selective serotonin reuptake inhibitor responses in patients with major depressive disorder",09558829,"Psychiatric Genetics","32","1",0,0,0,0,0,0,0,0,0,0,0,0,0,0,0,0,0,0,0,0,0,0,2,2,1,4,0,9,0,9
2022,"Detection of Epstein-Barr virus in gastric adenocarcinoma: qPCR and FISH comparison",03008584,"Medical Microbiology and Immunology","211","1",0,0,0,0,0,0,0,0,0,0,0,0,0,0,0,0,0,0,0,0,0,0,0,0,0,1,1,2,0,2
2022,"Identification of Germline Mutations in Genes Involved in Classic FAP in Patients from Northern Brazil",27327787,"Cancer Diagnosis and Prognosis","2","3",0,0,0,0,0,0,0,0,0,0,0,0,0,0,0,0,0,0,0,0,0,0,0,1,0,0,0,1,0,1
2022,"Repeated Cycles of Binge-Like Ethanol Exposure Induces Neurobehavioral Changes during Short- and Long-Term Withdrawal in Adolescent Female Rats",19420900,"Oxidative Medicine and Cellular Longevity","2022","",0,0,0,0,0,0,0,0,0,0,0,0,0,0,0,0,0,0,0,0,0,0,0,1,3,3,3,10,0,10
2022,"In vivo evaluation of the potential protective effects of prolactin against damage caused by methylmercury",0100879X,"Brazilian Journal of Medical and Biological Research","55","",0,0,0,0,0,0,0,0,0,0,0,0,0,0,0,0,0,0,0,0,0,0,0,0,2,0,1,3,0,3
2022,"Differential regulation of LRRC37A2 in gastric cancer by DNA methylation",15592294,"Epigenetics","17","1",0,0,0,0,0,0,0,0,0,0,0,0,0,0,0,0,0,0,0,0,0,0,0,2,1,1,1,5,0,5
2021,"Detection of sepsis in platelets using microRNAs and membrane antigens",20734425,"Genes","12","12",0,0,0,0,0,0,0,0,0,0,0,0,0,0,0,0,0,0,0,0,0,0,2,1,0,0,0,3,0,3
2021,"Assays of genotoxic damage in peripheral blood lymphocytes of individuals occupationally exposed to different x-ray systems in hospital radiology departments",13835718,"Mutation Research - Genetic Toxicology and Environmental Mutagenesis","872","",0,0,0,0,0,0,0,0,0,0,0,0,0,0,0,0,0,0,0,0,0,0,1,1,0,1,3,6,0,6
2021,"Differential expression analysis and profiling of hepatic miRNA and isomiRNA in dengue hemorrhagic fever",20452322,"Scientific Reports","11","1",0,0,0,0,0,0,0,0,0,0,0,0,0,0,0,0,0,0,0,0,0,2,5,5,4,1,2,19,0,19
2021,"ACE2 polymorphisms as potential players in COVID-19 outcome",19326203,"PLoS ONE","15","12 December",0,0,0,0,0,0,0,0,0,0,0,0,0,0,0,0,0,0,0,0,0,5,13,11,2,1,2,34,0,34
2021,"Anticancer potential of limonoids from Swietenia macrophylla: Genotoxic, antiproliferative and proapoptotic effects towards human colorectal cancer",00243205,"Life Sciences","285","",0,0,0,0,0,0,0,0,0,0,0,0,0,0,0,0,0,0,0,0,0,0,2,1,1,5,0,9,0,9
2021,"Influence of FPGS, ABCC4, SLC29A1, and MTHFR genes on the pharmacogenomics of fluoropyrimidines in patients with gastrointestinal cancer from the Brazilian Amazon",03445704,"Cancer Chemotherapy and Pharmacology","88","5",0,0,0,0,0,0,0,0,0,0,0,0,0,0,0,0,0,0,0,0,0,0,2,2,2,1,0,7,0,7
2021,"Kinase inhibition in relapsed/refractory leukemia and lymphoma settings: Recent prospects into clinical investigations",19994923,"Pharmaceutics","13","10",0,0,0,0,0,0,0,0,0,0,0,0,0,0,0,0,0,0,0,0,0,0,2,2,0,0,0,4,0,4
2021,"Combined therapy of atra and imatinib mesylate decreases bcr-abl and abcb1/mdr1 expression through cellular differentiation in a chronic myeloid leukemia model",0258851X,"In Vivo","35","5",0,0,0,0,0,0,0,0,0,0,0,0,0,0,0,0,0,0,0,0,0,1,3,2,2,2,0,10,0,10
2021,"Quantitative difference of oral pathogen between individuals with gastric cancer and individuals without cancer",19492553,"Oncotarget","12","17",0,0,0,0,0,0,0,0,0,0,0,0,0,0,0,0,0,0,0,0,0,0,2,1,0,1,0,4,0,4
2021,"Reporter virus neutralization test evaluation for dengue and zika virus diagnosis in flavivirus endemic area",20760817,"Pathogens","10","7",0,0,0,0,0,0,0,0,0,0,0,0,0,0,0,0,0,0,0,0,0,0,2,1,1,1,1,6,0,6
2021,"Pd-l1 expression associated with epstein—barr virus status and patients’ survival in a large cohort of gastric cancer patients in northern brazil",20726694,"Cancers","13","13",0,0,0,0,0,0,0,0,0,0,0,0,0,0,0,0,0,0,0,0,0,1,4,1,1,3,1,11,0,11
2021,"Genotoxic and cytotoxic effects of the drug dipyrone sodium in African green monkey kidney (Vero) cell line exposed in vitro",00281298,"Naunyn-Schmiedeberg's Archives of Pharmacology","394","7",0,0,0,0,0,0,0,0,0,0,0,0,0,0,0,0,0,0,0,0,0,2,0,0,5,2,1,10,0,10
2021,"Thymidylate synthase and methylenetetrahydrofolate reductase polymorphisms and breast cancer susceptibility in a Brazilian population",22145400,"Meta Gene","28","",0,0,0,0,0,0,0,0,0,0,0,0,0,0,0,0,0,0,0,0,0,1,0,0,0,0,0,1,0,1
2021,"Downregulation of miR-145 is associated with perineural invasion in penile carcinoma",22234683,"Translational Andrology and Urology","10","5",0,0,0,0,0,0,0,0,0,0,0,0,0,0,0,0,0,0,0,0,0,1,3,0,1,1,1,7,0,7
2021,"Detection of deletions in 1q25, 1p36 and 1pTEL and chromosome 17 aneuploidy in oral epithelial dysplasia and oral squamous cell carcinoma by fluorescence in situ hybridization (FISH)",13688375,"Oral Oncology","116","",0,0,0,0,0,0,0,0,0,0,0,0,0,0,0,0,0,0,0,0,0,0,1,1,0,3,1,6,0,6
2021,"Evaluation of the genotoxicity and mutagenicity of isoeleutherin and eleutherin isolated from Eleutherine plicata herb. using bioassays and in silico approaches",18785352,"Arabian Journal of Chemistry","14","4",0,0,0,0,0,0,0,0,0,0,0,0,0,0,0,0,0,0,0,0,0,4,22,11,8,2,2,49,0,49
2021,"Oral and oropharyngeal diffuse large B-cell lymphoma and high-grade B-cell lymphoma: A clinicopathologic and prognostic study of 69 cases",22124403,"Oral Surgery, Oral Medicine, Oral Pathology and Oral Radiology","131","4",0,0,0,0,0,0,0,0,0,0,0,0,0,0,0,0,0,0,0,0,0,2,5,7,2,3,2,21,0,21
2021,"Gastric Cancer Microbiome",10152008,"Pathobiology","88","2",0,0,0,0,0,0,0,0,0,0,0,0,0,0,0,0,0,0,0,0,0,2,5,5,10,5,3,30,0,30
2021,"Toxicity evaluation of Eleutherine plicata Herb. extracts and possible cell death mechanism",22147500,"Toxicology Reports","8","",0,0,0,0,0,0,0,0,0,0,0,0,0,0,0,0,0,0,0,0,0,0,2,4,5,3,2,16,0,16
2021,"Analysis of increased egfr and igf-1r signaling and its correlation with socio-epidemiological features and biological profile in breast cancer patients: A study in Northern Brazil",11791314,"Breast Cancer: Targets and Therapy","13","",0,0,0,0,0,0,0,0,0,0,0,0,0,0,0,0,0,0,0,0,0,0,1,2,0,2,1,6,0,6
2021,"Genetic diversity of drug-related genes in native americans of the brazilian amazon",11787066,"Pharmacogenomics and Personalized Medicine","14","",0,0,0,0,0,0,0,0,0,0,0,0,0,0,0,0,0,0,0,0,0,0,1,1,1,0,1,4,0,4
2021,"Identification of variants (Rs11571707, rs144848, and rs11571769) in the BRCA2 gene associated with hereditary breast cancer in indigenous populations of the brazilian amazon",20734425,"Genes","12","2",0,0,0,0,0,0,0,0,0,0,0,0,0,0,0,0,0,0,0,0,0,0,4,3,1,2,1,11,0,11
2021,"Genomic and transcriptomic characterization of the human glioblastoma cell line ahol1",0100879X,"Brazilian Journal of Medical and Biological Research","54","3",0,0,0,0,0,0,0,0,0,0,0,0,0,0,0,0,0,0,0,0,0,1,2,0,2,0,1,6,0,6
2020,"Downregulated genes by silencing MYC pathway identified with RNA-SEQ analysis as potential prognostic biomarkers in gastric adenocarcinoma",19454589,"Aging","12","24",0,0,0,0,0,0,0,0,0,0,0,0,0,0,0,0,0,0,0,0,0,0,1,1,5,4,3,14,0,14
2020,"Human pegivirus (HPgV, GBV-C) RNA in volunteer blood donors from a public hemotherapy service in Northern Brazil",1743422X,"Virology Journal","17","1",0,0,0,0,0,0,0,0,0,0,0,0,0,0,0,0,0,0,0,0,0,0,8,3,3,2,0,16,0,16
2020,"Significance of P16INK4A expression and PTEN loss of heterozygosity in human papilloma virus-related oral squamous cell carcinoma",02507005,"Anticancer Research","40","11",0,0,0,0,0,0,0,0,0,0,0,0,0,0,0,0,0,0,0,0,0,2,1,0,0,0,0,3,0,3
2020,"Helicobacter pylori cagE, cagG, and cagM can be a prognostic marker for intestinal and diffuse gastric cancer",15671348,"Infection, Genetics and Evolution","84","",0,0,0,0,0,0,0,0,0,0,0,0,0,0,0,0,0,0,0,0,0,1,5,1,2,1,0,10,0,10
2020,"Computational identification and characterization of new micrornas in human platelets stored in a blood bank",2218273X,"Biomolecules","10","8",0,0,0,0,0,0,0,0,0,0,0,0,0,0,0,0,0,0,0,0,0,2,0,1,2,2,1,8,0,8
2020,"The impact of DNA demethylation on the upregulation of the NRN1 and TNFAIP3 genes associated with advanced gastric cancer",09462716,"Journal of Molecular Medicine","98","5",0,0,0,0,0,0,0,0,0,0,0,0,0,0,0,0,0,0,0,0,1,2,4,5,3,2,2,19,0,19
2020,"Current perspectives on circulating tumor DNA, precision medicine, and personalized clinical management of Cancer",15417786,"Molecular Cancer Research","18","4",0,0,0,0,0,0,0,0,0,0,0,0,0,0,0,0,0,0,0,0,8,12,17,15,15,16,8,91,0,91
2020,"EZH2 expression is dependent on MYC and TP53 regulation in diffuse large B-cell lymphoma",09034641,"APMIS","128","4",0,0,0,0,0,0,0,0,0,0,0,0,0,0,0,0,0,0,0,0,2,2,2,4,0,2,0,12,0,12
2020,"The Small Bowel Cancer Incidence Enigma",12194956,"Pathology and Oncology Research","26","2",0,0,0,0,0,0,0,0,0,0,0,0,0,0,0,0,0,0,0,0,0,0,0,3,2,5,0,10,0,10
2020,"The complex network between MYC oncogene and micrornas in gastric cancer: An overview",14220067,"International Journal of Molecular Sciences","21","5",0,0,0,0,0,0,0,0,0,0,0,0,0,0,0,0,0,0,0,0,3,3,3,3,5,3,1,21,0,21
2020,"Biflorin inhibits the proliferation of gastric cancer cells by decreasing MYC expression",08872333,"Toxicology in Vitro","63","",0,0,0,0,0,0,0,0,0,0,0,0,0,0,0,0,0,0,0,0,0,2,1,2,1,0,1,7,0,7
2020,"Identification of molecular targets for the targeted treatment of gastric cancer using dasatinib",19492553,"Oncotarget","11","5",0,0,0,0,0,0,0,0,0,0,0,0,0,0,0,0,0,0,0,0,3,8,7,6,4,7,2,37,0,37
2020,"Pisosterol induces g2/m cell cycle arrest and apoptosis via the ATM/ATR signaling pathway in human glioma cells",18715206,"Anti-Cancer Agents in Medicinal Chemistry","20","6",0,0,0,0,0,0,0,0,0,0,0,0,0,0,0,0,0,0,0,0,0,2,1,1,5,0,0,9,0,9
2020,"Zika structural genes determine the virulence of African and Asian lineages",22221751,"Emerging Microbes and Infections","9","1",0,0,0,0,0,0,0,0,0,0,0,0,0,0,0,0,0,0,0,0,0,6,1,3,0,4,1,15,0,15
2020,"Association between SNPs and loss of methylation site on the CpG island of the promoter region of the smoothened gene, potential molecular markers for susceptibility to the development of basal cell carcinoma in the Brazilian population",15137368,"Asian Pacific Journal of Cancer Prevention","21","1",0,0,0,0,0,0,0,0,0,0,0,0,0,0,0,0,0,0,0,0,1,1,0,0,1,1,0,4,0,4
2020,"Menadione reduces CDC25B expression and promotes tumor shrinkage in gastric cancer",1756283X,"Therapeutic Advances in Gastroenterology","13","",0,0,0,0,0,0,0,0,0,0,0,0,0,0,0,0,0,0,0,0,0,3,4,1,4,5,0,17,0,17
2019,"In vitro assessment of cytotoxic, genotoxic and mutagenic effects of antimalarial drugs artemisinin and artemether in human lymphocytes",01480545,"Drug and Chemical Toxicology","42","6",0,0,0,0,0,0,0,0,0,0,0,0,0,0,0,0,0,0,0,0,0,0,1,0,1,1,0,3,0,3
2019,"MicroRNAs as a potential quality measurement tool of platelet concentrate stored in blood banks—A review",20734409,"Cells","8","10",0,0,0,0,0,0,0,0,0,0,0,0,0,0,0,0,0,0,0,0,2,5,3,5,3,2,1,21,0,21
2019,"New prognostic markers revealed by RNA-seq transcriptome analysis after MYC silencing in a metastatic gastric cancer cell line",19492553,"Oncotarget","10","56",0,0,0,0,0,0,0,0,0,0,0,0,0,0,0,0,0,0,0,0,2,1,1,2,0,1,0,7,0,7
2019,"Markers of oxidative-nitrosative stress induced by artesunate are followed by clastogenic and aneugenic effects and apoptosis in human lymphocytes",0260437X,"Journal of Applied Toxicology","39","10",0,0,0,0,0,0,0,0,0,0,0,0,0,0,0,0,0,0,0,0,0,3,1,0,0,1,0,5,0,5
2019,"Mebendazole induces apoptosis via C-MYC inactivation in malignant ascites cell line (AGP01)",08872333,"Toxicology in Vitro","60","",0,0,0,0,0,0,0,0,0,0,0,0,0,0,0,0,0,0,0,1,4,4,4,2,5,1,1,22,0,22
2019,"Effect of the kaurenoic acid on genotoxicity and cell cycle progression in cervical cancer cells lines",08872333,"Toxicology in Vitro","57","",0,0,0,0,0,0,0,0,0,0,0,0,0,0,0,0,0,0,0,0,4,4,2,1,3,5,0,19,0,19
2019,"Topical application of cashew gum or chlorhexidine gel reduces overexpression of proinflammatory genes in experimental periodontitis",01418130,"International Journal of Biological Macromolecules","128","",0,0,0,0,0,0,0,0,0,0,0,0,0,0,0,0,0,0,0,1,1,0,2,3,4,2,1,14,0,14
2019,"Methylation pattern and mutational status of BRCA1 in canine mammary tumors in a Brazilian population",16185641,"Comparative Clinical Pathology","28","1",0,0,0,0,0,0,0,0,0,0,0,0,0,0,0,0,0,0,0,0,0,0,1,0,0,2,0,3,0,3
2019,"Role of histone acetylation in gastric cancer: Implications of dietetic compounds and clinical perspectives",17501911,"Epigenomics","11","3",0,0,0,0,0,0,0,0,0,0,0,0,0,0,0,0,0,0,0,1,6,4,10,5,1,5,2,34,0,34
2019,"Role of PIWI-interacting RNA (piRNA) as epigenetic regulation",,"Handbook of Nutrition, Diet, and Epigenetics","1","",0,0,0,0,0,0,0,0,0,0,0,0,0,0,0,0,0,0,0,0,0,2,1,0,0,0,0,3,0,3
2019,"Towards therapeutic alternatives for mercury neurotoxicity in the amazon: Unraveling the pre-clinical effects of the superfruit açaí (euterpe oleracea, mart.) as juice for human consumption",20726643,"Nutrients","11","11",0,0,0,0,0,0,0,0,0,0,0,0,0,0,0,0,0,0,0,0,2,8,5,7,3,11,1,37,0,37
2019,"Antidepressant and Antiaging Effects of Açaí (Euterpe oleracea Mart.) in Mice",19420900,"Oxidative Medicine and Cellular Longevity","2019","",0,0,0,0,0,0,0,0,0,0,0,0,0,0,0,0,0,0,0,1,7,7,6,9,8,4,4,46,0,46
2019,"Analysis of 8q24.21 miRNA cluster expression and copy number variation in gastric cancer",17568919,"Future Medicinal Chemistry","11","9",0,0,0,0,0,0,0,0,0,0,0,0,0,0,0,0,0,0,0,2,5,3,3,2,0,0,1,16,0,16
2019,"Epigenetic field cancerization in gastric cancer: MicroRNAs as promising biomarkers",18379664,"Journal of Cancer","10","6",0,0,0,0,0,0,0,0,0,0,0,0,0,0,0,0,0,0,0,2,16,10,8,3,1,5,1,46,0,46
2018,"Prevalence, incidence and residual risk of transfusion-transmitted HBV infection before and after the implementation of HBV-NAT in northern Brazil",19326203,"PLoS ONE","13","12",0,0,0,0,0,0,0,0,0,0,0,0,0,0,0,0,0,0,0,1,0,3,4,1,2,3,1,15,0,15
2018,"The germline mutational landscape of BRCA1 and BRCA2 in Brazil",20452322,"Scientific Reports","8","1",0,0,0,0,0,0,0,0,0,0,0,0,0,0,0,0,0,0,1,5,8,13,16,4,8,7,0,62,0,62
2018,"The potential European genetic predisposition for non-contact anterior cruciate ligament injury",09422056,"Knee Surgery, Sports Traumatology, Arthroscopy","26","12",0,0,0,0,0,0,0,0,0,0,0,0,0,0,0,0,0,0,0,1,1,0,0,0,0,0,1,3,0,3
2018,"Association between Helicobacter pylori, Epstein-Barr virus, human papillomavirus and gastric adenocarcinomas",10079327,"World Journal of Gastroenterology","24","43",0,0,0,0,0,0,0,0,0,0,0,0,0,0,0,0,0,0,0,3,7,10,11,6,4,5,3,49,0,49
2018,"Mutagenic and histopathological effects of hexavalent chromium in tadpoles of Lithobates catesbeianus (Shaw, 1802) (Anura, Ranidae)",01476513,"Ecotoxicology and Environmental Safety","163","",0,0,0,0,0,0,0,0,0,0,0,0,0,0,0,0,0,0,0,2,5,8,4,8,2,1,0,30,0,30
2018,"Deregulation of the SRC family tyrosine kinases in gastric carcinogenesis in non-human primates",02507005,"Anticancer Research","38","11",0,0,0,0,0,0,0,0,0,0,0,0,0,0,0,0,0,0,0,0,3,3,3,1,4,0,0,14,0,14
2018,"Expression pattern of Cdkn2b and its regulators in canine mammary tumors",02507005,"Anticancer Research","38","11",0,0,0,0,0,0,0,0,0,0,0,0,0,0,0,0,0,0,0,0,0,0,1,4,1,0,0,6,0,6
2018,"Molecular biology as a tool for the treatment of cancer",15918890,"Clinical and Experimental Medicine","18","4",0,0,0,0,0,0,0,0,0,0,0,0,0,0,0,0,0,0,2,1,7,6,5,8,3,4,0,36,0,36
2018,"APC gene is modulated by hsa-miR-135b-5p in both diffuse and intestinal gastric cancer subtypes",14712407,"BMC Cancer","18","1",0,0,0,0,0,0,0,0,0,0,0,0,0,0,0,0,0,0,0,3,6,7,6,4,1,3,0,30,0,30
2018,"Performance of mini-pool nucleic acid testing by studying diluted HIV NAT yield samples in a blood center of Brazil",14730502,"Transfusion and Apheresis Science","57","5",0,0,0,0,0,0,0,0,0,0,0,0,0,0,0,0,0,0,0,0,0,0,0,1,0,0,0,1,0,1
2018,"Differential expression profile of MicroRNAs during prolonged storage of platelet concentrates as a quality measurement tool in blood banks",15362310,"OMICS A Journal of Integrative Biology","22","10",0,0,0,0,0,0,0,0,0,0,0,0,0,0,0,0,0,0,0,1,2,4,2,2,2,1,0,14,0,14
2018,"Small benzothiazole molecule induces apoptosis and prevents metastasis through DNA interaction and c-MYC gene supression in diffuse-type gastric adenocarcinoma cell line",00092797,"Chemico-Biological Interactions","294","",0,0,0,0,0,0,0,0,0,0,0,0,0,0,0,0,0,0,0,3,1,1,4,3,1,0,1,14,0,14
2018,"Single-Nucleotide Polymorphisms of the MSH2 and MLH1 Genes, Potential Molecular Markers for Susceptibility to the Development of Basal Cell Carcinoma in the Brazilian Population",12194956,"Pathology and Oncology Research","24","3",0,0,0,0,0,0,0,0,0,0,0,0,0,0,0,0,0,0,2,0,1,0,1,2,0,0,0,6,0,6
2018,"COX-2 gene expression and methylation profile in Sapajus apella as an experimental model for gastric adenocarcinoma",14154757,"Genetics and Molecular Biology","41","2",0,0,0,0,0,0,0,0,0,0,0,0,0,0,0,0,0,0,0,0,0,1,1,1,0,2,0,5,0,5
2018,"Frequency of the loss of heterozygosity of the NF2 gene in sporadic spinal schwannomas",02507005,"Anticancer Research","38","4",0,0,0,0,0,0,0,0,0,0,0,0,0,0,0,0,0,0,0,1,3,1,1,0,0,2,0,8,0,8
2018,"HPV positive, wild type TP53, and p16 overexpression correlate with the absence of residual tumors after chemoradiotherapy in anal squamous cell carcinoma",1471230X,"BMC Gastroenterology","18","1",0,0,0,0,0,0,0,0,0,0,0,0,0,0,0,0,0,0,0,1,3,5,1,1,3,2,0,16,0,16
2018,"Corrigendum to “Evaluation of in vivo and in vitro toxicological and genotoxic potential of aluminum chloride” [Chemosphere 175 (2017), 130–137] (S0045653517301893) (10.1016/j.chemosphere.2017.02.011))",00456535,"Chemosphere","193","",0,0,0,0,0,0,0,0,0,0,0,0,0,0,0,0,0,0,0,0,2,1,0,0,0,0,0,3,0,3
2018,"Cytotoxic and genotoxic effects of fluconazole on African green monkey kidney (Vero) cell line",23146133,"BioMed Research International","2018","",0,0,0,0,0,0,0,0,0,0,0,0,0,0,0,0,0,0,0,1,1,2,4,3,2,2,5,20,0,20
2018,"Gastric Cancer Cell Lines Have Different MYC -Regulated Expression Patterns but Share a Common Core of Altered Genes",22912789,"Canadian Journal of Gastroenterology and Hepatology","2018","",0,0,0,0,0,0,0,0,0,0,0,0,0,0,0,0,0,0,0,2,4,1,6,1,0,1,0,15,0,15
2018,"Liquid biopsy provides new insights into gastric cancer",19492553,"Oncotarget","9","19",0,0,0,0,0,0,0,0,0,0,0,0,0,0,0,0,0,0,1,6,8,6,4,2,1,4,1,33,0,33
2018,"Role for apolipoprotein e in neurodegeneration and mercury intoxication",19450494,"Frontiers in Bioscience - Elite","10","1",0,0,0,0,0,0,0,0,0,0,0,0,0,0,0,0,0,0,4,4,2,6,3,6,2,2,1,30,0,30
2018,"PTEN allelic loss is an important mechanism in the late stage of development of oral leucoplakia into oral squamous cell carcinoma",03090167,"Histopathology","72","2",0,0,0,0,0,0,0,0,0,0,0,0,0,0,0,0,0,0,1,1,3,4,0,3,0,0,0,12,0,12
2017,"Lack of association between COMT Val158Met and ZDHHC8 rs175174 polymorphisms and susceptibility to schizophrenia in a Brazilian population",09558829,"Psychiatric genetics","27","5",0,0,0,0,0,0,0,0,0,0,0,0,0,0,0,0,0,0,1,0,0,0,0,0,0,0,0,1,0,1
2017,"Mebendazole, an antiparasitic drug, inhibits drug transporters expression in preclinical model of gastric peritoneal carcinomatosis",08872333,"Toxicology in Vitro","43","",0,0,0,0,0,0,0,0,0,0,0,0,0,0,0,0,0,0,1,1,3,2,3,3,0,3,1,17,0,17
2017,"Genetic variants in gastric cancer: Risks and clinical implications",00144800,"Experimental and Molecular Pathology","103","1",0,0,0,0,0,0,0,0,0,0,0,0,0,0,0,0,0,1,6,9,3,6,3,0,4,0,2,34,0,34
2017,"Residual risk of transmission of human immunodeficiency virus and hepatitis C virus infections by blood transfusion in northern Brazil",00411132,"Transfusion","57","8",0,0,0,0,0,0,0,0,0,0,0,0,0,0,0,0,0,0,3,4,1,2,2,4,3,1,0,20,0,20
2017,"Identification of suitable reference genes for miRNA expression normalization in gastric cancer",03781119,"Gene","621","",0,0,0,0,0,0,0,0,0,0,0,0,0,0,0,0,0,0,3,3,4,2,3,0,1,1,0,17,0,17
2017,"The intricate interplay between MSI and polymorphisms of DNA repair enzymes in gastric cancer H.pylori associated",02678357,"Mutagenesis","32","4",0,0,0,0,0,0,0,0,0,0,0,0,0,0,0,0,0,0,0,0,1,0,2,2,0,4,1,10,0,10
2017,"Effect of ancestry on interleukin-10 haplotypes in chronic periodontitis",19450494,"Frontiers in bioscience (Elite edition)","9","",0,0,0,0,0,0,0,0,0,0,0,0,0,0,0,0,0,1,2,4,2,0,1,1,3,0,0,14,0,14
2017,"MYC Amplification as a Predictive Factor of Complete Pathologic Response to Docetaxel-based Neoadjuvant Chemotherapy for Breast Cancer",15268209,"Clinical Breast Cancer","17","3",0,0,0,0,0,0,0,0,0,0,0,0,0,0,0,0,0,1,1,3,3,3,1,0,2,0,2,16,0,16
2017,"Organic effects of associating paclitaxel with a lipid-based nanoparticle system on a nonhuman primate, Cebus apella",11769114,"International Journal of Nanomedicine","12","",0,0,0,0,0,0,0,0,0,0,0,0,0,0,0,0,0,1,2,1,1,0,2,0,2,1,1,11,0,11
2017,"Expression of hsa-miR-9 and MYC copy number variation in hereditary diffuse gastric cancer",02507005,"Anticancer Research","37","5",0,0,0,0,0,0,0,0,0,0,0,0,0,0,0,0,0,0,1,1,3,0,0,0,0,0,1,6,0,6
2017,"Effect of diterpenoid kaurenoic acid on genotoxicity and cell cycle progression in gastric cancer cell lines",07533322,"Biomedicine and Pharmacotherapy","89","",0,0,0,0,0,0,0,0,0,0,0,0,0,0,0,0,0,0,1,3,4,2,7,4,3,7,1,32,0,32
2017,"BMP8B Is a Tumor Suppressor Gene Regulated by Histone Acetylation in Gastric Cancer",07302312,"Journal of Cellular Biochemistry","118","4",0,0,0,0,0,0,0,0,0,0,0,0,0,0,0,0,0,1,2,4,1,2,1,1,3,2,1,18,0,18
2017,"Effect of ancestry on interleukin-10 haplotypes in chronic periodontitis",19450494,"Frontiers in Bioscience - Elite","9","2",0,0,0,0,0,0,0,0,0,0,0,0,0,0,0,0,0,1,0,0,0,1,0,0,0,0,0,2,0,2
2017,"CDKN1A histone acetylation and gene expression relationship in gastric adenocarcinomas",15918890,"Clinical and Experimental Medicine","17","1",0,0,0,0,0,0,0,0,0,0,0,0,0,0,0,0,0,0,1,3,3,1,3,1,2,4,1,19,0,19
2017,"GEJ cancers: Gastric or esophageal tumors? Searching for the answer according to molecular identity",19492553,"Oncotarget","8","61",0,0,0,0,0,0,0,0,0,0,0,0,0,0,0,0,0,0,1,2,2,3,5,1,5,3,2,24,0,24
2017,"Evaluation of in vivo and in vitro toxicological and genotoxic potential of aluminum chloride",00456535,"Chemosphere","175","",0,0,0,0,0,0,0,0,0,0,0,0,0,0,0,0,0,0,3,1,5,10,7,3,6,3,2,40,0,40
2016,"Identification of IL11RA and MELK amplification in gastric cancer by comprehensive genomic profiling of gastric cancer cell lines",10079327,"World Journal of Gastroenterology","22","43",0,0,0,0,0,0,0,0,0,0,0,0,0,0,0,0,0,2,2,2,2,1,1,1,4,3,0,18,0,18
2016,"Composition and cytotoxic and antioxidant activities of the oil of Piper aequale Vahl",1476511X,"Lipids in Health and Disease","15","1",0,0,0,0,0,0,0,0,0,0,0,0,0,0,0,0,0,2,1,3,0,4,3,2,1,2,0,18,0,18
2016,"In vitro assessment of the genotoxic and cytotoxic effects of boiled juice (tucupi) from Manihot esculenta Crantz roots",16765680,"Genetics and Molecular Research","15","4",0,0,0,0,0,0,0,0,0,0,0,0,0,0,0,0,0,0,0,0,1,0,0,1,0,0,1,3,0,3
2016,"Investigation into the cytotoxicity and mutagenicity of the Marajó Archipelago waters using Plagioscion squamosissimus (Perciformes: Sciaenidae) as a bioindicator",01476513,"Ecotoxicology and Environmental Safety","132","",0,0,0,0,0,0,0,0,0,0,0,0,0,0,0,0,0,1,0,1,0,1,1,2,0,0,2,8,0,8
2016,"Role of miRNAs and their potential to be useful as diagnostic and prognostic biomarkers in gastric cancer",10079327,"World Journal of Gastroenterology","22","35",0,0,0,0,0,0,0,0,0,0,0,0,0,0,0,0,0,9,9,14,6,2,2,2,0,2,0,46,0,46
2016,"An update on the epigenetics of glioblastomas",17501911,"Epigenomics","8","9",0,0,0,0,0,0,0,0,0,0,0,0,0,0,0,0,0,3,0,3,5,4,3,1,1,2,0,22,0,22
2016,"In vitro assessment of anticytotoxic and antigenotoxic effects of CANOVA®",14754916,"Homeopathy","105","3",0,0,0,0,0,0,0,0,0,0,0,0,0,0,0,0,0,0,0,0,0,4,0,0,1,0,0,5,0,5
2016,"What gastric cancer proteomic studies show about gastric carcinogenesis?",10104283,"Tumor Biology","37","8",0,0,0,0,0,0,0,0,0,0,0,0,0,0,0,0,1,3,3,3,0,0,1,1,1,1,0,14,0,14
2016,"The adjacent to tumor sample trap",14363291,"Gastric Cancer","19","3",0,0,0,0,0,0,0,0,0,0,0,0,0,0,0,0,0,0,0,4,0,1,1,0,0,0,1,7,0,7
2016,"Recurrent amplification of RTEL1 and ABCA13 and its synergistic effect associated with clinicopathological data of gastric adenocarcinoma",17558166,"Molecular Cytogenetics","9","1",0,0,0,0,0,0,0,0,0,0,0,0,0,0,0,0,0,1,4,4,2,2,5,2,2,2,0,24,0,24
2016,"Downregulated Expression of E-cadherin and TP53 in Patients with Gastric Diseases: the Involvement of H. pylori Infection and Its Virulence Markers",19416628,"Journal of Gastrointestinal Cancer","47","1",0,0,0,0,0,0,0,0,0,0,0,0,0,0,0,0,1,1,1,2,0,1,0,1,0,0,1,8,0,8
2016,"Hsa-miR-29c and hsa-miR-135b differential expression as potential biomarker of gastric carcinogenesis",10079327,"World Journal of Gastroenterology","22","6",0,0,0,0,0,0,0,0,0,0,0,0,0,0,0,0,3,2,7,5,7,0,4,3,3,2,1,37,0,37
2016,"The Emerging role of miRNAs and their clinical implication in biliary tract cancer",16876121,"Gastroenterology Research and Practice","2016","",0,0,0,0,0,0,0,0,0,0,0,0,0,0,0,0,0,1,1,2,0,0,1,0,0,0,1,6,0,6
2016,"YWHAE silencing induces cell proliferation, invasion and migration through the up-regulation of CDC25B and MYC in gastric cancer cells: New insights about YWHAE role in the tumor development and metastasis process",19492553,"Oncotarget","7","51",0,0,0,0,0,0,0,0,0,0,0,0,0,0,0,0,0,2,3,4,7,11,8,5,3,6,0,49,0,49
2016,"BET inhibition as a new strategy for the treatment of gastric cancer",19492553,"Oncotarget","7","28",0,0,0,0,0,0,0,0,0,0,0,0,0,0,0,0,3,7,7,7,5,3,5,3,6,4,1,51,0,51
2016,"Lack of detection of human papillomavirus DNA in prostate carcinomas in patients from northeastern Brazil",14154757,"Genetics and Molecular Biology","39","1",0,0,0,0,0,0,0,0,0,0,0,0,0,0,0,0,1,0,2,0,1,1,1,2,0,1,1,10,0,10
2015,"The anthelmintic drug mebendazole inhibits growth, migration and invasion in gastric cancer cell model",08872333,"Toxicology in Vitro","29","8",0,0,0,0,0,0,0,0,0,0,0,0,0,0,0,0,2,4,3,6,11,3,9,7,2,5,2,54,0,54
2015,"Mutagenic effects of potassium dichromate as evaluated by means of animal and plant bioindicators",0258851X,"In Vivo","29","6",0,0,0,0,0,0,0,0,0,0,0,0,0,0,0,0,1,1,1,2,0,0,1,1,0,0,1,8,0,8
2015,"Deregulated expression of SRC, LYN and CKB kinases by DNA methylation and its potential role in gastric cancer invasiveness and metastasis",19326203,"PLoS ONE","10","10",0,0,0,0,0,0,0,0,0,0,0,0,0,0,0,0,2,3,6,4,8,5,5,2,0,0,1,36,0,36
2015,"Prevalence of CCR5-Δ32 and CCR2-V64I polymorphisms in a mixed population from northeastern Brazil",16765680,"Genetics and Molecular Research","14","4",0,0,0,0,0,0,0,0,0,0,0,0,0,0,0,0,0,1,1,3,1,2,0,1,0,1,0,10,0,10
2015,"The role of piRNA and its potential clinical implications in cancer",17501911,"Epigenomics","7","6",0,0,0,0,0,0,0,0,0,0,0,0,0,0,0,1,2,8,11,10,14,8,8,6,8,8,4,88,0,88
2015,"Expression analysis of genes involved in the RB/E2F pathway in astrocytic tumors",19326203,"PLoS ONE","10","8",0,0,0,0,0,0,0,0,0,0,0,0,0,0,0,0,0,0,1,1,3,4,4,1,0,0,1,15,0,15
2015,"Thymidylate synthase and methylenetetrahydrofolate reductase gene polymorphisms and gastric cancer susceptibility in a population of Northern Brazil",16765680,"Genetics and Molecular Research","14","3",0,0,0,0,0,0,0,0,0,0,0,0,0,0,0,0,1,2,0,0,0,1,2,0,0,0,0,6,0,6
2015,"Presence of c.3956delC mutation in familial adenomatous polyposis patients from Brazil",10079327,"World Journal of Gastroenterology","21","31",0,0,0,0,0,0,0,0,0,0,0,0,0,0,0,0,0,0,1,1,0,0,1,0,0,0,0,3,0,3
2015,"Deregulated expression of annexin-A2 and galectin-3 is associated with metastasis in gastric cancer patients",15918890,"Clinical and Experimental Medicine","15","3",0,0,0,0,0,0,0,0,0,0,0,0,0,0,0,3,6,2,4,1,2,1,0,0,1,1,2,23,0,23
2015,"Deregulation of MYC and TP53 through genetic and epigenetic alterations in gallbladder carcinomas",15918890,"Clinical and Experimental Medicine","15","3",0,0,0,0,0,0,0,0,0,0,0,0,0,0,0,1,0,1,2,2,3,2,2,1,1,4,0,19,0,19
2015,"The miRNA profile of platelets stored in a blood bank and its relation to cellular damage from storage",19326203,"PLoS ONE","10","6",0,0,0,0,0,0,0,0,0,0,0,0,0,0,0,0,2,3,8,4,2,8,5,5,4,3,0,44,0,44
2015,"Whole exome sequencing in a case of sporadic multiple meningioma reveals shared NF2, FAM109B, and TPRXL mutations, together with unique SMARCB1 alterations in a subset of tumor nodules",22107762,"Cancer Genetics","208","6",0,0,0,0,0,0,0,0,0,0,0,0,0,0,0,0,1,1,2,3,2,0,2,3,1,1,0,16,0,16
2015,"High-throughput miRNA sequencing reveals a field effect in gastric cancer and suggests an epigenetic network mechanism",11779322,"Bioinformatics and Biology Insights","9","",0,0,0,0,0,0,0,0,0,0,0,0,0,0,0,1,2,4,8,6,3,3,4,3,0,1,0,35,0,35
2015,"Population stratification effect on cancer susceptibility in an admixed population from Brazilian Amazon",02507005,"Anticancer Research","35","4",0,0,0,0,0,0,0,0,0,0,0,0,0,0,0,0,1,2,1,2,1,0,0,0,0,0,1,8,0,8
2015,"Genome-wide methylation analysis in vestibular schwannomas shows putative mechanisms of gene expression modulation and global hypomethylation at the HOX gene cluster",10452257,"Genes Chromosomes and Cancer","54","4",0,0,0,0,0,0,0,0,0,0,0,0,0,0,0,0,1,0,1,3,5,1,0,3,0,6,1,21,0,21
2015,"Effects on DNA repair in human lymphocytes exposed to the food dye tartrazine yellow",02507005,"Anticancer Research","35","3",0,0,0,0,0,0,0,0,0,0,0,0,0,0,0,1,2,2,3,7,3,9,7,9,5,9,6,63,0,63
2015,"Synthesis and biological evaluation of novel 6-hydroxy-benzo[d][1,3]oxathiol-2-one schiff bases as potential anticancer agents",14203049,"Molecules","20","2",0,0,0,0,0,0,0,0,0,0,0,0,0,0,0,0,6,2,2,0,3,2,1,1,3,1,1,22,0,22
2015,"Cancer type-specific epigenetic changes: Gastric cancer",10643745,"Methods in Molecular Biology","1238","",0,0,0,0,0,0,0,0,0,0,0,0,0,0,0,0,1,1,1,2,1,1,1,0,1,0,0,9,0,9
2015,"High-throughput sequencing of miRNAs reveals a tissue signature in gastric cancer and suggests novel potential biomarkers",11779322,"Bioinformatics and Biology Insights","9","",0,0,0,0,0,0,0,0,0,0,0,0,0,0,0,0,6,2,6,4,2,0,1,0,2,1,0,24,0,24
2015,"Dideoxy single allele-specific PCR-DSASP new method to discrimination allelic",15168913,"Brazilian Archives of Biology and Technology","58","3",0,0,0,0,0,0,0,0,0,0,0,0,0,0,0,0,0,0,1,0,2,0,0,1,0,0,0,4,0,4
2015,"The cosmetic dye quinoline yellow causes DNA damage in vitro",13835718,"Mutation Research - Genetic Toxicology and Environmental Mutagenesis","777","1",0,0,0,0,0,0,0,0,0,0,0,0,0,0,0,1,4,4,3,2,6,2,5,3,1,6,0,37,0,37
2014,"Global expression profile in low grade meningiomas and schwannomas shows upregulation of PDGFD, CDH1 and SLIT2 compared to their healthy tissue",1021335X,"Oncology Reports","32","6",0,0,0,0,0,0,0,0,0,0,0,0,0,0,0,0,2,4,2,1,3,0,0,2,0,3,0,17,0,17
2014,"Cancer type-specific epigenetic changes: Gastric cancer",,"Cancer Epigenetics: Risk Assessment, Diagnosis, Treatment, and Prognosis","","",0,0,0,0,0,0,0,0,0,0,0,0,0,0,0,0,4,5,2,1,1,0,0,0,1,0,0,14,0,14
2014,"High-density array comparative genomic hybridization detects novel copy number alterations in gastric adenocarcinoma",02507005,"Anticancer Research","34","11",0,0,0,0,0,0,0,0,0,0,0,0,0,0,0,1,3,2,0,1,2,0,2,0,0,1,1,13,0,13
2014,"Occurrence of Helicobacter pylori and Epstein-Barr virus infection in endoscopic and gastric cancer patients from Northern Brazil",1471230X,"BMC Gastroenterology","14","1",0,0,0,0,0,0,0,0,0,0,0,0,0,0,0,3,5,5,5,4,6,6,4,3,2,4,5,52,0,52
2014,"Association of the rs7903146 and rs12255372 polymorphisms in the TCF7l2 gene with type 2 diabetes in a population from northeastern Brazil",16765680,"Genetics and Molecular Research","13","3",0,0,0,0,0,0,0,0,0,0,0,0,0,0,0,1,3,2,2,3,1,4,1,0,1,2,0,20,0,20
2014,"Protective effect of prolactin against methylmercury-induced mutagenicity and cytotoxicity on human lymphocytes",16604601,"International Journal of Environmental Research and Public Health","11","9",0,0,0,0,0,0,0,0,0,0,0,0,0,0,0,1,1,0,1,0,1,1,2,0,2,1,0,10,0,10
2014,"Evaluation of the immunological cellular response of cebus apella exposed to the carcinogen N-methyl-N-nitrosourea and treated with CANOVA®",0258851X,"In Vivo","28","5",0,0,0,0,0,0,0,0,0,0,0,0,0,0,0,0,0,0,0,1,0,3,0,0,0,0,0,4,0,4
2014,"Genetic screening analysis of patients with hereditary diffuse gastric cancer from northern and northeastern Brazil",17312302,"Hereditary Cancer in Clinical Practice","12","1",0,0,0,0,0,0,0,0,0,0,0,0,0,0,0,3,1,2,2,4,2,2,2,0,0,0,1,19,0,19
2014,"Molecular analysis of oral bacteria in dental biofilm and atherosclerotic plaques of patients with vascular disease",01675273,"International Journal of Cardiology","174","3",0,0,0,0,0,0,0,0,0,0,0,0,0,0,1,1,2,4,6,7,8,8,5,4,5,4,1,56,0,56
2014,"Prohibitin expression deregulation in gastric cancer is associated with the 3′ untranslated region 1630 C&gt;T polymorphism and copy number variation",19326203,"PLoS ONE","9","5",0,0,0,0,0,0,0,0,0,0,0,0,0,0,0,1,2,4,5,2,0,1,2,0,0,2,0,19,0,19
2014,"Reduced mRNA expression levels of MBD2 and MBD3 in gastric carcinogenesis",10104283,"Tumor Biology","35","4",0,0,0,0,0,0,0,0,0,0,0,0,0,0,3,5,2,3,2,5,3,0,2,1,0,3,1,30,0,30
2014,"MiRNA expression profile for the human gastric antrum region using ultra-deep sequencing",19326203,"PLoS ONE","9","3",0,0,0,0,0,0,0,0,0,0,0,0,0,0,1,5,5,0,2,3,2,1,1,0,0,0,0,20,0,20
2014,"Deregulated expression of Nucleophosmin 1 in gastric cancer and its clinicopathological implications",1471230X,"BMC Gastroenterology","14","1",0,0,0,0,0,0,0,0,0,0,0,0,0,0,1,2,3,0,1,4,1,2,2,0,0,0,2,18,0,18
2014,"Homozygous deletion of TNFRSF4, TP73, PPAP2B and DPYD at 1p and PDCD5 at 19q identified by multiplex ligation-dependent probe amplification (MLPA) analysis in pediatric anaplastic glioma with questionable oligodendroglial component",17558166,"Molecular Cytogenetics","7","1",0,0,0,0,0,0,0,0,0,0,0,0,0,0,0,0,1,0,1,0,0,2,0,0,0,2,0,6,0,6
2014,"Lack of evidence for human infection with Xenotropic murine leukemia virus-related virus in the Brazilian Amazon basin",00378682,"Revista da Sociedade Brasileira de Medicina Tropical","47","3",0,0,0,0,0,0,0,0,0,0,0,0,0,0,0,0,0,0,1,0,0,0,0,0,1,0,0,2,0,2
2014,"Differential expression of histone deacetylase and acetyltransferase genes in gastric cancer and their modulation by trichostatin a",10104283,"Tumor Biology","35","7",0,0,0,0,0,0,0,0,0,0,0,0,0,0,2,2,3,7,2,5,3,1,8,2,0,4,0,39,0,39
2014,"Association study of SNPs of genes IFNGR1 (rs137854905), GSTT1 (rs71748309), and GSTP1 (rs1695) in gastric cancer development in samples of patient in the northern and northeastern Brazil",10104283,"Tumor Biology","35","5",0,0,0,0,0,0,0,0,0,0,0,0,0,0,0,2,2,0,2,2,0,2,0,0,0,0,1,11,0,11
2014,"Synthesis, cytotoxicity and mechanistic evaluation of 4-oxoquinoline-3- carboxamide derivatives: Finding new potential anticancer drugs",14203049,"Molecules","19","5",0,0,0,0,0,0,0,0,0,0,0,0,0,0,0,1,2,1,1,3,1,0,4,5,1,4,2,25,0,25
2014,"Essential oils of Amazon Piper species and their cytotoxic, antifungal, antioxidant and anti-cholinesterase activities",09266690,"Industrial Crops and Products","58","",0,0,0,0,0,0,0,0,0,0,0,0,0,0,1,10,10,5,3,7,10,10,8,3,7,9,2,85,0,85
2014,"Association of COX2 gene hypomethylation with intestinal type gastric cancer in samples of patients from northern Brazil",10104283,"Tumor Biology","35","2",0,0,0,0,0,0,0,0,0,0,0,0,0,0,3,1,0,4,0,1,1,0,0,0,0,0,1,11,0,11
2013,"Reference genes for quantitative RT-PCR data in gastric tissues and cell lines",10079327,"World Journal of Gastroenterology","19","41",0,0,0,0,0,0,0,0,0,0,0,0,0,0,5,7,6,5,2,1,3,6,3,5,0,2,2,47,0,47
2013,"Human papilloma virus: Prevalence, distribution and predictive value to lymphatic metastasis in penile carcinoma",16775538,"International Braz J Urol","39","4",0,0,0,0,0,0,0,0,0,0,0,0,0,0,1,5,1,3,2,2,0,3,1,2,0,1,1,22,0,22
2013,"Cellular responses induced in vitro by pestheic acid, a fungal metabolite, in a gastric adenocarcinoma cell line (PG100)",16765680,"Genetics and Molecular Research","12","4",0,0,0,0,0,0,0,0,0,0,0,0,0,0,0,0,0,1,0,0,0,0,1,0,2,0,0,4,0,4
2013,"A novel o-naphtoquinone inhibits N-cadherin expression and blocks melanoma cell invasion via AKT signaling",08872333,"Toxicology in Vitro","27","7",0,0,0,0,0,0,0,0,0,0,0,0,0,1,1,1,4,1,3,2,2,0,1,1,0,1,0,18,0,18
2013,"MYC, FBXW7 and TP53 copy number variation and expression in Gastric Cancer",1471230X,"BMC Gastroenterology","13","1",0,0,0,0,0,0,0,0,0,0,0,0,0,0,3,12,14,10,6,9,12,5,5,4,3,1,1,85,0,85
2013,"Association of slow acetylation profile of NAT2 with breast and gastric cancer risk in Brazil",02507005,"Anticancer Research","33","9",0,0,0,0,0,0,0,0,0,0,0,0,0,0,2,1,1,4,1,1,1,0,0,1,0,0,0,12,0,12
2013,"HTERT and TP53 deregulation in intestinal-type gastric carcinogenesis in non-human primates",15918890,"Clinical and Experimental Medicine","13","3",0,0,0,0,0,0,0,0,0,0,0,0,0,0,2,1,1,2,2,0,1,1,0,1,0,0,0,11,0,11
2013,"Gene expression analysis of aberrant signaling pathways in meningiomas",17921074,"Oncology Letters","6","1",0,0,0,0,0,0,0,0,0,0,0,0,0,0,2,2,0,0,0,1,1,0,0,0,0,1,0,7,0,7
2013,"Global Profiling in Vestibular Schwannomas Shows Critical Deregulation of MicroRNAs and Upregulation in Those Included in Chromosomal Region 14q32",19326203,"PLoS ONE","8","6",0,0,0,0,0,0,0,0,0,0,0,0,0,0,4,4,2,4,5,1,3,3,1,4,2,2,2,37,0,37
2013,"MYC Deregulation in Gastric Cancer and Its Clinicopathological Implications",19326203,"PLoS ONE","8","5",0,0,0,0,0,0,0,0,0,0,0,0,0,0,7,10,9,9,8,10,7,11,6,4,5,4,4,94,0,94
2013,"Cellular responses induced in vitro by iron (Fe) in a central nervous system cell line (U343MGA)",16765680,"Genetics and Molecular Research","12","2",0,0,0,0,0,0,0,0,0,0,0,0,0,0,0,1,0,0,2,1,0,0,0,1,0,0,0,5,0,5
2013,"Expression analysis of tumor-related genes involved in critical regulatory pathways in schwannomas",1699048X,"Clinical and Translational Oncology","15","5",0,0,0,0,0,0,0,0,0,0,0,0,0,3,1,2,0,0,1,0,0,0,0,0,0,0,0,7,0,7
2013,"Molecular characterization of TP53 gene in human populations exposed to low-dose ionizing radiation",23146133,"BioMed Research International","2013","",0,0,0,0,0,0,0,0,0,0,0,0,0,0,0,0,0,0,0,0,1,0,0,0,0,0,0,1,0,1
2013,"Brugada syndrome in a family with a high mortality rate: A case report",17521947,"Journal of Medical Case Reports","7","",0,0,0,0,0,0,0,0,0,0,0,0,0,0,0,0,0,1,1,0,0,1,0,0,0,0,0,3,0,3
2013,"Inhibition of DNA topoisomerase I activity and induction of apoptosis by thiazacridine derivatives",0041008X,"Toxicology and Applied Pharmacology","268","1",0,0,0,0,0,0,0,0,0,0,0,0,0,1,2,4,4,8,4,2,0,2,0,2,2,4,0,35,0,35
2013,"Prognostic and Predictive Significance of MYC and KRAS Alterations in Breast Cancer from Women Treated with Neoadjuvant Chemotherapy",19326203,"PLoS ONE","8","3",0,0,0,0,0,0,0,0,0,0,0,0,0,0,5,8,6,8,6,3,3,1,5,0,2,2,0,49,0,49
2013,"Prevalence of variants that confer risk for venous thromboembolism in an elderly population of northeastern Brazil",16765680,"Genetics and Molecular Research","12","3",0,0,0,0,0,0,0,0,0,0,0,0,0,0,0,1,4,0,0,0,0,0,0,0,0,0,0,5,0,5
2013,"Microarray analysis of gene expression in vestibular schwannomas reveals SPP1/MET signaling pathway and androgen receptor deregulation",10196439,"International Journal of Oncology","42","3",0,0,0,0,0,0,0,0,0,0,0,0,0,2,8,2,5,4,5,4,5,1,1,7,4,1,2,51,0,51
2013,"Association of APOA1 and APOA5 polymorphisms and haplotypes with lipid parameters in a Brazilian elderly cohort",16765680,"Genetics and Molecular Research","12","3",0,0,0,0,0,0,0,0,0,0,0,0,0,0,1,2,2,2,1,1,1,0,1,0,0,0,0,11,0,11
2013,"In vitro evaluation of the cytotoxic and genotoxic effects of artemether, an antimalarial drug, in a gastric cancer cell line (PG100)",0260437X,"Journal of Applied Toxicology","33","2",0,0,0,0,0,0,0,0,0,0,0,0,0,4,5,3,3,5,6,3,7,0,6,2,1,3,0,48,0,48
2013,"Analysis of the methylation patterns of the p16 INK4A, p15 INK4B, and APC genes in gastric adenocarcinoma patients from a Brazilian population",10104283,"Tumor Biology","34","4",0,0,0,0,0,0,0,0,0,0,0,0,0,0,5,8,1,1,0,0,2,0,1,0,0,0,0,18,0,18
2013,"DNA and histone methylation in gastric carcinogenesis",10079327,"World Journal of Gastroenterology","19","8",0,0,0,0,0,0,0,0,0,0,0,0,1,3,12,15,10,7,9,9,9,15,9,6,3,5,2,115,0,115
2012,"The protective effect of Canova homeopathic medicine in cyclophosphamide-treated non-human primates",02786915,"Food and Chemical Toxicology","50","12",0,0,0,0,0,0,0,0,0,0,0,0,0,0,1,2,1,0,2,2,0,3,2,1,1,0,0,15,0,15
2012,"TP53 mutations in astrocytic gliomas: An association with histological grade, TP53 codon 72 polymorphism and p53 expression",09034641,"APMIS","120","11",0,0,0,0,0,0,0,0,0,0,0,0,0,0,3,0,1,0,1,1,0,0,1,1,2,0,0,10,0,10
2012,"Prognostic value of the TP53 Arg72Pro single-nucleotide polymorphism and susceptibility to medulloblastoma in a cohort of Brazilian patients",0167594X,"Journal of Neuro-Oncology","110","1",0,0,0,0,0,0,0,0,0,0,0,0,0,2,1,0,0,0,1,1,1,1,1,1,0,0,0,9,0,9
2012,"Differential proteomic analysis of noncardia gastric cancer from individuals of Northern Brazil",19326203,"PLoS ONE","7","7",0,0,0,0,0,0,0,0,0,0,0,0,0,0,5,4,3,1,0,3,2,1,4,1,2,1,1,28,0,28
2012,"HTERT, MYC and TP53 deregulation in gastric preneoplastic lesions",1471230X,"BMC Gastroenterology","12","",0,0,0,0,0,0,0,0,0,0,0,0,0,1,2,4,4,6,3,5,4,1,2,1,0,2,0,35,0,35
2012,"Epigenetic mechanisms in gastric cancer",17501911,"Epigenomics","4","3",0,0,0,0,0,0,0,0,0,0,0,0,2,14,20,8,13,11,11,12,3,3,7,1,2,1,1,109,0,109
2012,"Prevalence and clinical features of respiratory syncytial virus in children hospitalized for community-acquired pneumonia in northern Brazil",14712334,"BMC Infectious Diseases","12","",0,0,0,0,0,0,0,0,0,0,0,0,0,1,3,4,2,2,3,0,0,6,6,2,0,1,0,30,0,30
2012,"Clinical implication of 14-3-3 epsilon expression in gastric cancer",10079327,"World Journal of Gastroenterology","18","13",0,0,0,0,0,0,0,0,0,0,0,0,1,4,5,4,4,1,4,4,4,3,1,1,0,1,1,38,0,38
2012,"Lymphocyte proliferation stimulated by activated Cebus apella macrophages treated with a complex homeopathic immune response modifiers",14754916,"Homeopathy","101","1",0,0,0,0,0,0,0,0,0,0,0,0,1,2,1,5,0,0,1,0,3,0,0,0,0,0,0,13,0,13
2011,"Studies of micronuclei and other nuclear abnormalities in red blood cells of Colossoma macropomum exposed to methylmercury",14154757,"Genetics and Molecular Biology","34","4",0,0,0,0,0,0,0,0,0,0,0,0,1,1,3,2,2,6,1,3,1,3,2,1,3,2,1,32,0,32
2011,"Assessment of genotoxic effects of (4-methoxyphenyl)(3,4,5-trimethoxyphenyl)methanone in human lymphocytes",08872333,"Toxicology in Vitro","25","8",0,0,0,0,0,0,0,0,0,0,0,0,1,1,0,1,1,1,0,1,0,0,1,0,0,0,1,8,0,8
2011,"Genotoxic effects of aluminum, iron and manganese in human cells and experimental systems: A review of the literature",09603271,"Human and Experimental Toxicology","30","10",0,0,0,0,0,0,0,0,0,0,0,0,3,5,4,5,5,7,5,3,6,8,2,4,4,6,5,72,0,72
2011,"Survivin-31C/G polymorphism and gastric cancer risk in a Brazilian population",15918890,"Clinical and Experimental Medicine","11","3",0,0,0,0,0,0,0,0,0,0,0,0,6,9,8,1,2,2,0,4,1,0,0,1,0,1,0,35,0,35
2011,"Inhibitory effect of pisosterol on human glioblastoma cell lines with C-MYC amplification",0260437X,"Journal of Applied Toxicology","31","6",0,0,0,0,0,0,0,0,0,0,0,0,0,0,0,1,1,0,0,0,1,2,0,1,2,0,0,8,0,8
2011,"In vitro evaluation of the genotoxic and cytotoxic effects of artesunate, an antimalarial drug, in human lymphocytes",08936692,"Environmental and Molecular Mutagenesis","52","7",0,0,0,0,0,0,0,0,0,0,0,0,0,3,2,2,3,0,1,3,1,2,1,1,2,0,0,21,0,21
2011,"Experimental gastric carcinogenesis in cebus apella nonhuman primates",19326203,"PLoS ONE","6","7",0,0,0,0,0,0,0,0,0,0,0,0,2,3,1,3,4,4,3,1,3,2,1,0,1,1,1,30,0,30
2011,"Genetic biomonitoring of inhabitants exposed to uranium in the north region of Brazil",01476513,"Ecotoxicology and Environmental Safety","74","5",0,0,0,0,0,0,0,0,0,0,0,0,0,1,0,0,1,0,1,0,0,0,0,1,0,0,0,4,0,4
2011,"MYC, TP53, and chromosome 17 copy-number alterations in multiple gastric cancer cell lines and in their parental primary tumors",11107243,"Journal of Biomedicine and Biotechnology","2011","",0,0,0,0,0,0,0,0,0,0,0,1,2,4,3,1,6,3,2,1,7,2,2,0,0,1,0,35,0,35
2011,"SMARCA5 methylation and expression in gastric cancer",07357907,"Cancer Investigation","29","2",0,0,0,0,0,0,0,0,0,0,0,0,2,3,2,3,2,3,3,2,7,2,4,2,2,3,0,40,0,40
2011,"APOA4 polymorphism as a risk factor for unfavorable lipid serum profile and depression: A cross-sectional Study",10815589,"Journal of Investigative Medicine","59","6",0,0,0,0,0,0,0,0,0,0,0,0,0,0,0,2,2,1,2,2,2,3,1,2,4,0,2,23,0,23
2011,"Comet assay and micronucleus test in circulating erythrocytes of Aequidens tetramerus exposed to methylmercury",0258851X,"In Vivo","25","6",0,0,0,0,0,0,0,0,0,0,0,0,0,1,0,1,1,1,1,3,0,0,1,1,2,1,0,13,0,13
2010,"Ultra-deep sequencing reveals the microRNA expression pattern of the human stomach",19326203,"PLoS ONE","5","10",0,0,0,0,0,0,0,0,0,0,0,6,6,7,9,4,4,5,9,5,3,0,1,0,0,1,0,60,0,60
2010,"Cytogenetic biomonitoring of inhabitants of a large uranium mineralization area: The municipalities of Monte Alegre, Prainha, and Alenquer, in the State of Pará, Brazil",07422091,"Cell Biology and Toxicology","26","5",0,0,0,0,0,0,0,0,0,0,0,2,0,1,2,1,3,1,1,0,2,0,2,0,0,0,0,15,0,15
2010,"Structure-mutagenicity relationship of kaurenoic acid from Xylopia sericeae (Annonaceae)",13835718,"Mutation Research - Genetic Toxicology and Environmental Mutagenesis","701","2",0,0,0,0,0,0,0,0,0,0,0,3,2,4,2,5,3,2,1,1,2,3,1,2,2,3,1,37,0,37
2010,"APOA1/A5 variants and haplotypes as a risk factor for obesity and better lipid profiles in a brazilian elderly cohort",00244201,"Lipids","45","6",0,0,0,0,0,0,0,0,0,0,0,4,0,5,2,0,1,2,2,1,1,0,0,0,0,0,0,18,0,18
2010,"Promoter polymorphisms and methylation of E-cadherin (CDH1) and KIT in gastric cancer patients from northern Brazil",02507005,"Anticancer Research","30","6",0,0,0,0,0,0,0,0,0,0,0,3,1,4,6,5,3,2,4,2,0,1,1,0,2,0,2,36,0,36
2010,"Insulin-like growth factor binding protein-3 gene methylation and protein expression in gastric adenocarcinoma",10966374,"Growth Hormone and IGF Research","20","3",0,0,0,0,0,0,0,0,0,0,1,1,3,2,2,2,2,3,0,1,0,1,0,0,1,0,0,19,0,19
2010,"Pisosterol induces interphase arrest in HL60 cells with C-MYC amplification",09603271,"Human and Experimental Toxicology","29","3",0,0,0,0,0,0,0,0,0,0,0,1,0,1,0,1,0,0,0,0,1,0,0,0,1,0,0,5,0,5
2010,"Association of PPARα gene polymorphisms and lipid serum levels in a Brazilian elderly population",00144800,"Experimental and Molecular Pathology","88","1",0,0,0,0,0,0,0,0,0,0,1,2,0,3,4,1,0,2,0,2,2,1,2,1,1,0,0,22,0,22
2010,"Cytogenetic characterization and evaluation of c-MYC gene amplification in PG100, a new Brazilian gastric cancer cell line",0100879X,"Brazilian Journal of Medical and Biological Research","43","8",0,0,0,0,0,0,0,0,0,0,0,1,2,4,0,0,4,2,1,1,2,1,2,0,0,0,0,20,0,20
2010,"MYC in gastric carcinoma and intestinal metaplasia of young adults",01654608,"Cancer Genetics and Cytogenetics","202","1",0,0,0,0,0,0,0,0,0,0,0,1,2,3,2,2,4,2,1,2,3,1,1,0,0,1,0,25,0,25
2010,"Absence of CIP1/KIP1 hypermethylation in gastric cancer patients from Northern Brazil",0258851X,"In Vivo","24","4",0,0,0,0,0,0,0,0,0,0,0,0,0,0,1,1,0,2,1,0,1,0,0,0,0,0,0,6,0,6
2010,"Chromosome X aneuploidy in Brazilian schizophrenic patients",0258851X,"In Vivo","24","3",0,0,0,0,0,0,0,0,0,0,0,0,1,2,0,0,0,1,0,1,0,0,0,0,0,0,0,5,0,5
2009,"HTERT methylation and expression in gastric cancer",1354750X,"Biomarkers","14","8",0,0,0,0,0,0,0,0,0,0,1,6,3,6,3,5,2,2,3,1,2,2,0,2,1,2,0,41,0,41
2009,"Apolipoprotein A1 gene polymorphisms as risk factors for hypertension and obesity",15918890,"Clinical and Experimental Medicine","9","4",0,0,0,0,0,0,0,0,0,0,2,5,1,3,6,5,3,4,2,3,1,3,5,3,1,0,0,47,0,47
2009,"Establishment and conventional cytogenetic characterization of three gastric cancer cell lines",01654608,"Cancer Genetics and Cytogenetics","195","1",0,0,0,0,0,0,0,0,0,0,1,2,2,4,2,4,4,5,7,4,7,5,7,3,3,3,2,65,0,65
2009,"The micronucleus assay in fish species as an important tool for xenobiotic exposure risk assessment-a brief review and an example using neotropical fish exposed to methylmercury",10641262,"Reviews in Fisheries Science","17","4",0,0,0,0,0,0,0,0,0,0,0,3,0,0,3,2,2,2,0,1,0,2,1,6,2,0,0,24,0,24
2009,"Interrelationship between TP53 gene deletion, protein expression and chromosome 17 aneusomy in gastric adenocarcinoma",1471230X,"BMC Gastroenterology","9","",0,0,0,0,0,0,0,0,0,0,2,2,5,2,2,1,1,2,1,0,2,0,0,1,0,0,0,21,0,21
2009,"MYC insertions in diffuse-type gastric adenocarcinoma",02507005,"Anticancer Research","29","7",0,0,0,0,0,0,0,0,0,1,2,2,5,3,4,3,5,1,2,3,1,0,1,0,0,0,2,35,0,35
2009,"Cell cycle arrest induced by Pisosterol in HL60 cells with gene amplification",07422091,"Cell Biology and Toxicology","25","3",0,0,0,0,0,0,0,0,0,0,1,2,0,0,0,1,0,0,0,0,1,0,0,0,2,0,0,7,0,7
2009,"Genomic alterations in diffuse-type gastric cancer as shown by high-resolution comparative genomic hybridization",01654608,"Cancer Genetics and Cytogenetics","190","1",0,0,0,0,0,0,0,0,0,2,1,2,1,0,3,0,1,1,2,1,2,0,1,0,0,0,0,17,0,17
2009,"Evaluation of Genotoxic Effects of Xenobiotics in Fishes Using Comet Assay—A Review",10641262,"Reviews in Fisheries Science","17","2",0,0,0,0,0,0,0,0,0,0,0,0,0,0,0,0,1,1,0,0,1,1,0,0,2,0,0,6,0,6
2009,"Association study of an epidermal growth factor gene functional polymorphism with the risk and prognosis of gliomas in Brazil",03936155,"International Journal of Biological Markers","24","4",0,0,0,0,0,0,0,0,0,0,3,3,3,3,4,0,0,0,0,0,0,0,0,0,0,0,0,16,0,16
2009,"Low frequency of human papillomavirus detection in prostate tissue from individuals from Northern Brazil",00740276,"Memorias do Instituto Oswaldo Cruz","104","4",0,0,0,0,0,0,0,0,0,0,2,1,1,2,1,2,1,2,1,0,1,2,2,3,1,1,0,23,0,23
2009,"Lymphocyte proliferation stimulated by activated human macrophages treated with Canova",14754916,"Homeopathy","98","1",0,0,0,0,0,0,0,0,0,1,2,1,3,1,1,5,0,1,1,1,0,1,0,0,0,0,0,18,0,18
2008,"DNA mismatch repair gene methylation in gastric cancer in individuals from northern Brazil",03279545,"Biocell","32","3",0,0,0,0,0,0,0,0,0,1,1,1,0,2,0,3,1,1,3,4,1,0,1,2,0,0,0,21,0,21
2008,"MYC and gastric adenocarcinoma carcinogenesis",10079327,"World Journal of Gastroenterology","14","39",0,0,0,0,0,0,0,0,0,2,3,5,7,5,9,9,10,5,2,10,11,6,7,2,4,4,5,106,0,106
2008,"Genotoxic effect of Physalis angulata L. (Solanaceae) extract on human lymphocytes treated in vitro",03279545,"Biocell","32","2",0,0,0,0,0,0,0,0,0,1,0,0,3,4,1,2,2,1,1,2,0,1,1,2,0,0,1,22,0,22
2008,"WRN Cys1367Arg SNP is not associated with risk and prognosis of gliomas in Southeast Brazil",0167594X,"Journal of Neuro-Oncology","90","3",0,0,0,0,0,0,0,0,0,1,2,0,2,0,0,2,1,1,0,1,1,0,0,0,1,0,0,12,0,12
2008,"c-MYC amplification and expression in astrocytic tumors",00016322,"Acta Neuropathologica","116","1",0,0,0,0,0,0,0,0,0,0,0,1,2,2,1,1,3,3,1,0,1,4,3,2,1,4,0,29,0,29
2008,"Genotoxic and cytotoxic effects of manganese chloride in cultured human lymphocytes treated in different phases of cell cycle",08872333,"Toxicology in Vitro","22","4",0,0,0,0,0,0,0,0,0,1,5,3,3,1,6,6,3,0,1,0,1,5,2,3,3,0,1,44,0,44
2008,"Genotoxic effects of white fluorescent light on human lymphocytes in vitro",13835718,"Mutation Research - Genetic Toxicology and Environmental Mutagenesis","652","2",0,0,0,0,0,0,0,0,0,0,0,0,1,0,0,0,0,0,0,0,0,0,0,0,0,0,0,1,0,1
2008,"Genotoxic and cytotoxic effects of iron sulfate in cultured human lymphocytes treated in different phases of cell cycle",08872333,"Toxicology in Vitro","22","3",0,0,0,0,0,0,0,0,1,1,2,3,1,1,1,1,1,1,0,0,0,0,1,0,1,1,1,17,0,17
2008,"Sensitivity to cisplatin-induced mutations and elevated chromosomal aberrations in lymphocytes from sickle cell disease patients",15918890,"Clinical and Experimental Medicine","8","1",0,0,0,0,0,0,0,0,0,1,0,0,0,0,0,0,1,0,0,1,0,0,0,1,2,1,0,7,0,7
2008,"Interrelationship between MYC gene numerical aberrations and protein expression in individuals from northern Brazil with early gastric adenocarcinoma",01654608,"Cancer Genetics and Cytogenetics","181","1",0,0,0,0,0,0,0,0,1,4,3,1,3,3,4,2,3,2,2,1,3,1,0,0,0,1,0,34,0,34
2008,"Methylation status of ANAPC1, CDKN2A and TP53 promoter genes in individuals with gastric cancer",0100879X,"Brazilian Journal of Medical and Biological Research","41","6",0,0,0,0,0,0,0,0,0,3,1,2,1,2,4,2,1,1,1,1,1,2,5,0,0,1,2,30,0,30
2008,"Prognostic value of TP53 Pro47Ser and Arg72Pro single nucleotide polymorphisms and the susceptibility to gliomas in individuals from Southeast Brazil",16765680,"Genetics and Molecular Research","7","1",0,0,0,0,0,0,0,0,1,7,2,5,5,4,7,0,1,0,0,1,1,1,1,3,0,0,0,39,0,39
2007,"Mutation analysis of gene PAX6 in human gliomas",16765680,"Genetics and Molecular Research","6","4",0,0,0,0,0,0,0,0,1,1,0,0,2,1,0,1,0,1,1,0,0,0,1,0,0,0,1,10,0,10
2007,"Interrelationships among chromosome aneuploidy, promoter hypermethylation, and protein expression of the CDKN2A gene in individuals from northern Brazil with gastric adenocarcinoma",01654608,"Cancer Genetics and Cytogenetics","179","1",0,0,0,0,0,0,0,0,0,4,1,2,1,1,2,1,0,0,1,0,0,0,0,0,0,0,0,13,0,13
2007,"Interleukin-6 Polymorphisms, Helicobacter pylori Infection in Adult Brazilian Patients with Chronic Gastritis and Gastric Adenocarcinoma",01884409,"Archives of Medical Research","38","5",0,0,0,0,0,0,0,0,3,2,3,2,3,3,3,3,0,4,2,4,3,3,2,2,0,1,0,43,0,43
2007,"Genotoxic effects of aluminum chloride in cultured human lymphocytes treated in different phases of cell cycle",02786915,"Food and Chemical Toxicology","45","7",0,0,0,0,0,0,0,0,7,9,5,6,5,10,5,2,5,6,6,3,4,6,4,2,2,2,2,91,0,91
2007,"Promoter hypermethylation od CDH1, FHIT, MTAP AND PLAGL1 in gastric adenocarcinoma in individuals from Northern Brazil",10079327,"World Journal of Gastroenterology","13","18",0,0,0,0,0,0,0,0,2,5,4,4,5,3,5,5,3,2,3,2,0,2,1,0,1,3,2,52,0,52
2007,"Study of methylation pattern of de Novo DNA methyltransferase genes and its correlation with DNA methylation pattern of RUNX3 in individuals with gastric cancer from northern region of Brazil",07179367,"International Journal of Morphology","25","4",0,0,0,0,0,0,0,0,0,1,0,1,0,0,0,0,0,0,0,0,0,0,0,0,0,0,0,2,0,2
2007,"TP53 codon 72 polymorphism as a risk factor for cardiovascular disease in a Brazilian population",0100879X,"Brazilian Journal of Medical and Biological Research","40","11",0,0,0,0,0,0,0,0,0,0,0,1,0,0,0,0,1,1,0,1,0,0,1,1,0,0,0,6,0,6
2007,"Methylmercury genotoxicity: A novel effect in human cell lines of the central nervous system",01604120,"Environment International","33","2",0,0,0,0,0,0,0,1,3,7,4,5,7,3,3,3,5,6,10,6,5,9,6,1,0,5,1,90,0,90
2006,"Investigation of chromosome 21 aneuploidies in breast fibroadenomas by fluorescence in situ hybridisation",15918890,"Clinical and Experimental Medicine","6","4",0,0,0,0,0,0,0,0,0,0,1,0,1,1,1,0,1,0,0,0,0,0,0,0,0,0,0,5,0,5
2006,"Interrelationship between chromosome 8 aneuploidy, C-MYC amplification and increased expression in individuals from northern Brazil with gastric adenocarcinoma",10079327,"World Journal of Gastroenterology","12","38",0,0,0,0,0,0,0,2,4,7,6,5,4,6,2,8,6,3,2,4,3,2,1,0,1,1,4,71,0,71
2006,"Aneuploidy of chromosome 8 detected by fluorescence in situ hybridisation in ACP01 cell line gastric adenocarcinoma",15918890,"Clinical and Experimental Medicine","6","3",0,0,0,0,0,0,0,1,1,3,1,2,1,1,0,0,2,0,0,2,2,0,1,0,1,0,0,18,0,18
2006,"Chromosome instability in carcinomas",07179367,"International Journal of Morphology","24","3",0,0,0,0,0,0,0,0,1,0,0,0,0,1,0,0,0,0,0,0,0,0,0,0,0,0,0,2,0,2
2006,"Numerical aberrations of chromosome 8 detected by conventional cytogenetics and fluorescence in situ hybridization in individuals from northern Brazil with gastric adenocarcinoma",01654608,"Cancer Genetics and Cytogenetics","169","1",0,0,0,0,0,0,1,1,4,4,0,3,2,2,3,1,3,2,1,1,1,0,1,0,0,0,0,30,0,30
2006,"C-MYC locus amplification as metastasis predictor in intestinal-type gastric adenocarcinomas: CGH study in Brazil",02507005,"Anticancer Research","26","4 B",0,0,0,0,0,0,0,2,6,6,2,2,5,5,4,1,5,3,2,1,5,0,2,0,1,1,1,54,0,54
2006,"Cytotoxic and genotoxic monitoring of sickle cell anaemia patients treated with hydroxyurea",15918890,"Clinical and Experimental Medicine","6","1",0,0,0,0,0,0,0,1,4,1,1,1,2,2,3,1,0,0,3,0,0,1,0,0,0,0,0,20,0,20
2006,"Genotoxicity evaluation of kaurenoic acid, a bioactive diterpenoid present in Copaiba oil",02786915,"Food and Chemical Toxicology","44","3",0,0,0,0,0,0,1,2,5,8,3,7,10,9,5,1,9,5,4,8,4,5,2,4,7,3,1,103,0,103
2006,"APO A-V -1131T → C polymorphism frequency and its association with morbidity in a Brazilian elderly population",14346621,"Clinical Chemistry and Laboratory Medicine","44","1",0,0,0,0,0,0,1,0,0,1,2,2,0,1,0,0,1,0,0,0,0,0,0,1,0,0,0,9,0,9
2005,"Polymorphisms of the TP53 codon 72 and WRN codon 1367 in individuals from Northern Brazil with gastric adenocarcinoma",15918890,"Clinical and Experimental Medicine","5","4",0,0,0,0,0,0,1,1,2,2,1,2,4,2,1,0,1,1,0,1,0,0,0,1,0,0,0,20,0,20
2005,"Aneuploidy of chromosome 8 and C-MYC amplification in individuals from northern Brazil with gastric adenocarcinoma",02507005,"Anticancer Research","25","6 B",0,0,0,0,0,0,4,2,3,7,4,3,4,4,3,3,5,3,1,2,2,0,1,0,0,0,1,52,0,52
2005,"Molecular study of the tumour suppressor gene PTEN in gastric adenocarcinoma in Brazil",15918890,"Clinical and Experimental Medicine","5","3",0,0,0,0,0,0,0,1,0,0,1,1,2,0,1,1,0,0,0,1,1,1,1,0,0,1,0,12,0,12
2005,"Cytogenetic characteristics of patients with signs and symptoms of myelodysplastic syndromes in the State of Pará, Brazil",16765680,"Genetics and Molecular Research","4","1",0,0,0,0,0,0,0,0,0,1,0,0,0,0,0,0,0,0,0,0,0,0,0,1,0,0,0,2,0,2
2005,"Genotoxic effects of rotenone on cultured lymphocytes.",16765680,"Genetics and molecular research : GMR","4","4",0,0,0,0,0,0,0,1,1,0,0,0,4,2,2,0,0,0,0,0,0,0,2,0,0,0,0,12,0,12
2005,"Drifter technique: A new method to obtain metaphases in Hep-2 cell line cultures",15168913,"Brazilian Archives of Biology and Technology","48","4",0,0,0,0,0,0,0,0,0,0,1,0,0,0,0,0,0,0,0,0,0,0,0,0,0,0,0,1,0,1
2005,"Frequency of Werner helicase 1367 polymorphism and age-related morbidity in an elderly Brazilian population",0100879X,"Brazilian Journal of Medical and Biological Research","38","7",0,0,0,0,0,1,3,1,1,1,2,1,0,1,0,1,0,2,1,0,0,0,0,0,0,0,0,15,0,15
2005,"Cytotoxicity and genotoxicity of low doses of mercury chloride and methylmercury chloride on human lymphocytes in vitro",0100879X,"Brazilian Journal of Medical and Biological Research","38","6",0,0,0,0,0,0,0,4,2,3,5,5,3,3,3,4,3,3,3,5,3,6,3,2,2,1,1,64,0,64
2004,"Environmental biomonitoring using cytogenetic endpoints in a population exposed to mercury in the Brazilian Amazon",08936692,"Environmental and Molecular Mutagenesis","44","4",0,0,0,0,0,0,0,2,3,0,1,2,0,0,0,0,0,0,0,1,0,0,1,0,0,0,0,10,0,10
2004,"Interleukin-1β polymorphisms, Helicobacter pylori infection in individuals from Northern Brazil with gastric adenocarcinoma",15918890,"Clinical and Experimental Medicine","4","2",0,0,0,0,0,3,6,5,3,4,2,4,2,2,2,2,3,3,0,2,0,0,0,1,1,0,0,45,0,45
2004,"Mutagenicity of hydroxyurea in lymphocytes from patients with sickle cell disease",14154757,"Genetics and Molecular Biology","27","1",0,0,0,0,0,0,2,0,2,2,0,1,1,0,0,0,1,1,0,0,0,0,0,0,0,0,0,10,0,10
2004,"Telomeres on chromosome 21 and aging in lymphocytes and gingival fibroblasts from individuals with Down syndrome.",13434934,"Journal of oral science","46","3",0,0,0,0,0,1,0,0,3,1,1,1,1,0,0,0,0,1,0,0,1,1,0,1,0,2,0,14,0,14
2004,"Conventional cytogenetic characterization of a new cell line, ACP01, established from a primary human gastric tumor",0100879X,"Brazilian Journal of Medical and Biological Research","37","12",0,0,0,0,0,1,5,1,3,2,1,3,0,0,1,2,3,0,0,1,1,1,2,0,0,1,0,28,0,28
2003,"Evaluation of the mutagenic activity of hydroxyurea on the G1-S-G2 phases of the cell cycle: An in vitro study",16765680,"Genetics and Molecular Research","2","3",0,0,0,0,1,1,2,1,4,2,0,3,2,1,0,0,0,1,1,1,0,1,0,0,0,0,0,21,0,21
2003,"The anticancer homeopathic composite ""Canova Method"" is not genotoxic for human lymphocytes in vitro",16765680,"Genetics and Molecular Research","2","2",0,0,0,0,0,2,6,1,5,4,6,2,4,1,0,1,3,1,0,1,2,4,0,1,0,1,0,45,0,45
2003,"Oncocalyxone A from Auxemma oncocalyx lacks genotoxic activity in phytohemagglutinin-stimulated lymphocytes",02703211,"Teratogenesis Carcinogenesis and Mutagenesis","","SUPPL. 1",0,0,0,0,0,1,0,0,1,0,0,0,0,0,0,0,1,2,0,0,0,0,0,3,0,0,0,8,0,8
2001,"Cytogenetic description of breast fibroadenomas: Alterations related solely to proliferation?",0100879X,"Brazilian Journal of Medical and Biological Research","34","8",0,0,0,0,2,0,1,0,0,0,0,0,0,0,0,0,0,0,0,0,0,0,0,0,0,0,0,3,0,3
2000,"Cytogenetics of epithelial hyperplasias of the human breast",01654608,"Cancer Genetics and Cytogenetics","119","1",0,3,0,0,3,3,2,1,0,0,1,0,0,0,0,1,1,0,0,0,0,0,0,0,0,0,0,15,0,15
2000,"Trisomy 4 in a case of gynecomastia",01654608,"Cancer Genetics and Cytogenetics","117","2",0,1,1,0,0,0,0,0,0,0,0,0,0,1,0,0,0,0,0,0,0,0,0,0,0,0,0,3,0,3
2000,"Cytogenetic damage related to low levels of methyl mercury contamination in the Brazilian Amazon",00013765,"Anais da Academia Brasileira de Ciencias","72","4",0,1,2,4,5,9,1,7,8,5,3,6,2,1,8,2,6,1,5,4,5,6,1,2,2,1,0,97,0,97
1999,"Karyotypic and Histopathologic Findings in an Accessory Breast",00013765,"Anais da Academia Brasileira de Ciencias","71","3",0,0,0,1,0,0,0,0,0,0,0,0,0,0,0,0,0,0,0,0,0,0,0,0,1,0,0,2,0,2
1999,"Genotoxic Effects of Mercury on in vitro Cultures of Human Cells",00013765,"Anais da Academia Brasileira de Ciencias","71","3",1,0,0,2,0,2,0,1,0,1,0,0,1,0,2,1,0,1,1,0,0,1,0,0,0,0,0,13,0,14
1996,"Mammary epithelial hyperplasias: Alterations related solely to proliferation?",01676806,"Breast Cancer Research and Treatment","41","2",3,0,1,0,0,0,0,0,0,0,0,0,0,0,0,0,0,0,0,0,0,0,0,0,0,0,0,1,0,4